UnitID,Control,State
493868,3,NM
177834,2,MO
180203,1,MT
491464,1,CA
459523,3,TX
485500,3,CA
461892,3,MI
222178,2,TX
497037,2,TX
138558,1,GA
488031,3,CA
172866,3,MN
449463,3,CT
476957,3,ID
457989,1,SC
451079,2,FL
457271,2,CA
412173,2,FL
462062,3,CA
497198,3,TN
108232,3,CA
489122,3,WI
489131,3,WI
489140,3,WI
451097,3,FL
237729,1,WV
108269,2,CA
372462,3,FL
457855,3,NY
179991,3,MT
454722,3,CA
175722,3,MS
374316,3,MS
447449,3,TX
181880,3,NV
434274,3,TX
455929,3,OK
382461,3,MS
451334,3,MO
376446,3,SC
487658,2,LA
482185,2,WA
451051,3,DE
449454,3,CO
486619,3,AR
107293,3,AR
480879,3,MO
210508,2,PA
461342,3,UT
483708,3,NY
494904,3,NY
480736,3,CT
449676,3,NY
384306,2,CA
439969,3,FL
126182,1,CO
188429,2,NY
374024,2,MN
142832,2,IL
168528,2,MI
495217,3,FL
262369,3,CA
203030,1,OH
183983,1,NJ
400187,3,CA
479974,3,CA
444334,3,FL
437608,3,TX
458052,3,TX
480019,3,CA
444343,3,CA
461786,3,WI
231411,3,VA
461430,3,NV
456001,3,VT
490896,3,NJ
133872,2,FL
476878,3,NY
496724,2,MO
496399,2,CA
138600,2,GA
134811,3,FL
457998,3,SC
217615,1,SC
126207,1,CO
200697,1,OH
100654,1,AL
483975,2,AL
488916,3,AL
371034,3,AL
100724,1,AL
199786,1,NC
482981,3,TX
222497,1,TX
102580,2,AK
103501,3,AK
442523,2,AK
102669,2,AK
102711,1,AK
418038,1,NY
188526,2,NY
188535,2,NY
188580,2,NY
138716,1,GA
138682,1,GA
385415,2,NY
128498,2,CT
168546,2,MI
132842,2,FL
210571,2,PA
175342,1,MS
495192,2,CA
237118,2,WV
476735,3,MA
483425,3,NC
368036,3,IN
172918,1,MN
188641,2,NY
393524,3,CA
487995,3,CA
156189,2,KY
486868,3,AZ
485306,3,AZ
459125,3,AZ
210599,3,PA
418658,3,PA
373784,3,MD
108807,1,CA
161688,1,MD
210669,2,PA
200873,2,OH
231721,3,VA
152798,2,IA
154642,1,KS
188650,3,NY
415987,3,NY
469610,3,AZ
217624,2,SC
490522,3,TX
369109,1,OH
483850,3,NY
110468,3,CA
490151,3,TN
461111,3,OH
248192,3,KY
168591,2,MI
496609,3,MD
168607,1,MI
445461,2,TX
443748,2,GA
137801,2,FL
210748,3,PA
495156,3,WA
210775,2,PA
238193,2,WI
222567,1,TX
222576,1,TX
222628,2,TX
457527,3,IL
490081,2,CA
188687,2,NY
142887,3,IL
457396,3,FL
108852,2,CA
188678,2,NY
461290,3,NH
446002,3,MN
444370,3,FL
219505,2,TN
490258,3,PA
459541,3,UT
489247,3,UT
108977,3,CA
189477,3,NY
490391,3,FL
457688,3,MO
441052,3,CA
109040,3,CA
447768,3,CA
429085,3,TX
486169,3,KY
449889,3,IN
210809,2,PA
179229,3,MO
483009,3,CA
422835,3,CA
443599,3,OR
485698,2,SC
109086,2,CA
108870,2,CA
493503,3,CA
153463,3,IA
172927,2,MN
487852,3,NJ
441636,3,OH
447883,3,FL
493682,3,CT
404037,3,AZ
447795,3,CA
455202,3,NJ
497329,3,NJ
184092,3,NJ
490869,3,NJ
482963,3,NJ
129482,3,CT
445027,3,AZ
438586,3,GA
445133,3,TX
164447,2,MA
142957,2,IL
116846,2,CA
492643,3,VA
475714,3,FL
494977,2,TX
461263,3,CA
188854,2,NY
232797,3,VA
157021,3,KY
449339,3,WV
109208,1,CA
460738,3,CT
461573,3,MO
131159,2,DC
433004,3,CA
447263,3,UT
486415,3,NY
164465,2,MA
100690,2,AL
492032,3,FL
483595,2,FL
151865,2,IN
150048,2,IN
150066,2,IN
217633,2,SC
138761,2,GA
168740,2,MI
457299,3,CA
457314,3,CA
222822,1,TX
222831,1,TX
496487,3,CA
490425,3,TX
164492,2,MA
161767,1,MD
475705,2,CA
172954,1,MN
172963,1,MN
491978,3,VA
491969,3,NY
434292,3,NC
109350,1,CA
496636,3,FL
483018,2,OH
245892,2,OH
485908,2,OH
245838,2,CA
245865,2,NH
442392,2,OH
245847,2,CA
245883,2,WA
440138,2,OH
429094,3,TX
485342,1,FL
490434,3,OH
494986,3,CO
188890,3,NY
201034,1,OH
237127,3,KY
237136,2,WV
449922,2,VA
432348,2,VA
197869,1,NC
417716,1,MO
168786,2,MI
176600,2,MO
126289,1,CO
211088,2,PA
487791,3,SC
103954,3,AZ
420802,1,AZ
105899,2,AZ
494162,3,TX
495439,3,FL
487375,3,NV
495457,3,AZ
497268,3,UT
495420,3,FL
494171,3,AZ
421708,3,AZ
495448,3,AZ
497277,3,AZ
482990,3,AZ
450951,3,AZ
446039,3,AZ
484163,3,AZ
104151,1,AZ
483124,1,AZ
104160,1,AZ
106306,2,AR
106324,3,AR
106315,3,AR
488527,2,AR
107327,1,AR
106458,1,AR
107318,1,AR
448336,1,AR
107521,1,AR
106449,1,AR
420538,1,AR
440402,1,AR
106467,1,AR
106351,3,AR
491075,3,AR
222877,2,TX
222886,3,TX
219587,3,TN
188915,2,NY
482194,3,NY
201061,2,OH
109651,2,CA
489830,3,AR
106360,3,AR
106494,3,AR
445540,3,AR
414063,3,NJ
460701,3,FL
378886,3,FL
404994,3,NY
156222,2,KY
156213,2,KY
458113,2,VA
447777,3,CA
234119,3,VA
197887,1,NC
154022,3,CA
156231,1,KY
201098,1,OH
201104,2,OH
201131,1,OH
475431,3,NJ
393861,3,CA
391546,3,FL
128577,1,CT
480994,3,MD
454829,3,AZ
214023,2,PA
164535,1,MA
485494,3,CA
188942,2,NY
109721,3,CA
109730,3,CA
183600,2,NJ
164562,2,MA
446127,3,FL
444361,3,CA
447935,3,KY
449728,3,OK
452373,3,OH
461768,3,NY
476683,3,OH
201140,2,OH
100812,1,AL
246813,1,GA
444325,3,CA
419244,3,GA
138901,1,GA
138938,3,GA
138840,1,GA
138929,3,GA
183655,1,NJ
439446,2,FL
132374,1,FL
485768,3,FL
201159,1,OH
100858,1,AL
100830,1,AL
173045,2,MN
447917,3,GA
138956,1,GA
482149,1,GA
143084,2,IL
219000,2,SD
444556,3,TX
454810,3,CO
201177,2,OH
143118,2,IL
495129,3,TX
222983,2,TX
222992,1,TX
247825,2,TX
476869,3,ID
219602,1,TN
223001,2,TX
219851,3,TN
211006,3,PA
448770,3,PA
365213,1,OK
372356,3,CO
497301,3,NV
474924,3,UT
104568,3,AZ
474915,3,AZ
457679,3,MN
442295,2,FL
446048,2,FL
173744,3,MN
458131,3,WA
159513,3,LA
160320,3,LA
159522,3,LA
448071,3,NY
455354,3,TX
451468,3,OH
457563,3,IN
487348,3,WA
461652,3,ID
455141,3,NC
455877,3,IL
455275,3,OH
459277,3,CO
475015,3,IA
469957,3,CA
487506,3,WI
162830,3,MD
461555,3,NM
484899,3,AZ
460862,3,OR
451574,3,UT
451149,3,FL
451158,3,FL
476753,3,AZ
142407,3,ID
491826,3,NM
458070,3,TX
494524,3,TX
219170,2,SD
219338,2,SD
231420,2,VA
449931,2,VA
158778,3,LA
448257,3,VA
440059,3,GA
494764,3,NC
441788,3,TX
486558,3,CA
227748,3,TX
438735,3,IN
441496,3,MO
482255,3,NV
445762,3,VA
427973,3,VA
457411,3,FL
250285,3,PA
187000,3,NJ
447847,3,FL
176628,2,MO
161800,3,MD
158246,3,LA
109785,2,CA
237145,2,WV
487898,3,SC
164580,2,MA
206817,2,OK
128586,2,NY
476601,2,MD
245777,2,NY
490513,2,NJ
495031,2,NY
449658,2,NJ
168847,2,MI
154688,2,KS
109819,1,CA
420705,2,TX
414489,3,TX
223056,3,TX
417105,1,CA
201195,2,OH
490212,1,CA
150136,1,IN
161864,1,MD
161855,3,MD
164599,3,MA
189015,2,NY
176664,2,MO
106546,2,AR
219639,2,TN
223083,3,TX
223117,2,TX
444398,2,TX
476610,3,NY
483346,3,PA
484048,3,TX
483054,3,PA
488022,3,SC
155070,2,KS
189088,2,NY
167792,2,MA
189097,2,NY
177719,2,MO
156277,3,KY
132471,2,FL
109907,1,CA
197911,2,NC
154697,1,KS
235547,2,WA
160977,2,ME
235671,1,WA
437103,1,LA
158325,2,LA
158343,3,LA
483878,3,CA
168883,1,MI
380359,1,MI
164632,2,MA
164641,3,MA
223223,2,TX
223232,2,TX
168892,3,MI
476717,2,NY
384254,2,FL
160995,3,ME
485166,3,OR
197966,1,NC
449357,1,CA
460969,3,FL
207272,3,OK
215336,3,PA
164720,2,MA
247065,3,KY
444413,2,NY
126359,3,CO
190956,2,NY
175421,2,MS
364760,3,IL
497091,3,MO
486309,3,WI
461193,3,PA
483559,3,TX
156286,2,KY
493567,3,FL
481571,3,CT
234669,1,WA
180814,2,NE
238324,2,WI
234696,1,WA
478953,3,KS
109934,3,CA
116563,3,CA
377722,3,CA
197984,2,NC
201283,1,OH
219709,2,TN
238333,2,WI
173124,1,MN
237172,1,WV
137591,3,FL
217721,2,SC
154712,2,KS
145619,2,IL
165884,2,MA
439473,3,DC
197993,2,NC
230816,2,VT
164739,2,MA
156295,2,KY
183743,1,NJ
461643,2,CA
189219,3,NY
125170,1,CA
189228,3,NY
183789,3,NJ
108861,2,CA
164748,2,MA
189255,3,NY
481021,1,PA
164775,1,MA
139144,2,GA
461865,3,NJ
485999,2,NY
189273,2,NY
183804,2,NJ
486196,2,NY
488314,2,NJ
154721,2,KS
237181,2,WV
486284,2,MN
173142,2,MN
143233,2,IN
154749,2,KS
262022,2,CA
219718,2,TN
150145,2,IN
173160,2,MN
110060,2,CA
486053,2,MN
132602,2,FL
139153,2,GA
475635,3,CA
102429,1,AL
443702,2,IL
457253,3,CA
484020,3,NC
234711,1,WA
137856,1,FL
157553,1,KY
196079,1,NY
110097,2,CA
100937,2,AL
442949,2,OR
442213,3,ME
102030,1,AL
200022,1,ND
457721,3,MT
236018,3,WA
224013,3,TX
143279,1,IL
219046,1,SD
106625,1,AR
143288,2,IL
180054,2,MT
238397,1,WI
457615,1,MA
198011,1,NC
366438,3,MD
447810,3,CA
373456,3,LA
143303,2,IL
143297,2,IL
223427,1,TX
183822,2,NJ
211158,1,PA
444440,3,AL
450128,3,LA
450119,3,AR
441502,3,MS
450021,3,LA
439491,3,LA
434821,3,LA
243799,1,MA
175430,2,MS
208275,1,OR
446774,1,WV
231536,1,VA
198039,1,NC
237215,1,WV
231554,2,VA
156392,1,KY
201371,2,OH
491482,3,CA
491446,2,NY
175999,1,MS
217749,2,SC
481483,3,FL
489238,3,FL
496690,3,IA
476850,3,ID
142090,2,ID
142115,1,ID
444316,3,MT
490203,2,MO
233356,2,VA
233480,2,VA
481456,3,UT
189413,2,NY
454759,3,CA
483948,3,LA
158431,1,LA
164872,2,MA
164614,2,MA
164924,2,MA
164915,2,MA
164988,2,MA
161004,2,ME
162007,1,MD
201432,1,OH
201441,1,OH
143358,2,IL
479992,3,CA
165015,2,MA
496894,3,CT
451042,3,CT
223506,1,TX
139199,2,GA
156356,2,KY
198066,2,NC
367875,1,FL
139205,2,GA
152992,2,IA
230010,1,UT
125082,3,CA
484932,1,WV
231581,2,VA
165024,1,MA
230038,2,UT
230047,2,HI
142522,2,ID
442976,2,KY
477002,3,MI
232450,1,VA
404718,2,TN
165033,1,MA
431187,1,CT
450304,2,TX
449311,3,NY
189468,3,NY
189404,3,NY
230056,3,UT
448424,3,OK
183859,1,NJ
444088,3,NM
104090,3,AZ
404055,3,AZ
438179,3,AZ
189501,2,NY
418010,1,NY
132709,1,FL
375568,1,OH
441645,3,OH
450395,3,OH
491695,3,AL
217156,2,RI
110194,3,CA
198084,1,NC
180878,2,NE
219790,2,TN
454458,3,AR
369516,3,MO
110219,3,AZ
188517,3,NY
189583,3,NY
189592,3,NY
480091,3,NY
201469,3,OH
189565,3,NY
231785,3,VA
451750,3,WI
217165,2,RI
210492,2,PA
211273,2,PA
201478,1,OH
383312,1,OH
211291,2,PA
461740,3,TX
211307,1,PA
211316,3,PA
153001,2,IA
490948,3,NC
165112,1,MA
496645,1,NJ
488554,3,NM
209409,2,OR
211334,3,PA
213330,3,PA
367431,3,PA
154800,1,KS
211343,1,PA
201496,1,OH
150163,2,IN
180063,3,MT
110246,1,CA
487773,1,CA
444103,2,PA
487968,2,IL
198109,2,NC
237242,1,WV
110334,1,CA
211352,2,PA
364946,1,OK
421665,3,MI
215114,2,PA
446084,3,IL
198118,1,NC
183910,2,NJ
433420,3,CA
494940,2,CA
110361,2,CA
486497,3,CA
110875,3,CA
447713,3,CA
481386,3,CA
262402,3,CA
110918,2,CA
492661,3,CA
488563,3,CA
110370,2,CA
485263,2,CA
478634,2,CA
474890,2,AZ
111054,3,CA
442985,3,CA
488572,3,CA
495271,2,CA
487649,2,CA
490285,3,CA
496186,3,CA
110316,2,CA
491507,3,CA
110404,2,CA
111081,2,CA
485546,3,CA
486488,2,CA
110413,2,CA
480781,3,CA
496627,3,CA
455734,3,CA
110422,1,CA
115755,1,CA
110529,1,CA
111188,1,CA
110486,1,CA
110501,1,CA
441937,1,CA
110538,1,CA
110547,1,CA
110574,1,CA
110556,1,CA
110565,1,CA
110583,1,CA
110592,1,CA
409698,1,CA
110608,1,CA
110617,1,CA
110510,1,CA
366711,1,CA
110495,1,CA
483443,3,CA
211361,1,PA
496043,2,CA
111391,2,CA
150172,2,IN
176789,2,MO
169099,2,MI
169080,2,MI
165167,2,MA
454865,3,FL
446109,3,FL
183938,1,NJ
143464,3,IL
230065,3,UT
206914,1,OK
198136,2,NC
156365,2,KY
111434,1,CA
365374,1,OK
189705,2,NY
200208,1,ND
401481,3,IL
143482,3,IL
143491,3,IL
143473,3,IL
201539,1,OH
165194,1,MA
431558,1,FL
198154,1,NC
176798,1,MO
413413,3,MN
461704,3,ME
367972,1,IL
129367,1,CT
201548,2,OH
365693,3,NE
162061,2,MD
143552,3,IL
457031,3,IL
153083,3,IA
154448,3,IA
153074,3,IA
189714,3,NY
407391,3,NJ
363077,3,NJ
407407,3,NJ
407425,3,NJ
377759,3,CA
455707,3,AL
238430,2,WI
111513,3,CA
107220,3,AR
418205,1,OH
444468,3,TN
446118,3,CA
417442,1,IL
181941,3,NV
454801,3,CA
433013,3,CA
490568,3,MI
454306,3,MI
446136,3,MI
455220,2,NY
420370,3,DC
246071,1,PA
493734,3,TX
448239,3,UT
491941,3,IN
206923,1,OK
143613,1,IL
173258,2,MN
211431,2,PA
451194,3,IA
169187,3,MI
211440,2,PA
199971,2,NC
461032,2,NC
460765,3,NC
198190,3,NC
489937,2,NC
433174,1,NC
485467,3,CA
442602,3,NM
142054,3,ID
450702,3,CA
457101,3,NV
103909,3,AZ
475750,3,TX
467368,3,CA
103893,3,AZ
438258,3,CA
246035,3,OR
457110,3,NV
125532,3,CA
437936,3,CA
246974,3,CA
439118,3,WA
450696,3,CA
103927,3,AZ
180106,2,MT
405872,1,MD
238458,2,WI
219806,2,TN
447430,3,NY
198206,1,NC
238476,2,WI
481049,1,MO
430795,1,WV
111638,2,CA
203438,3,OH
455211,3,NV
439190,1,WA
201645,2,OH
240505,1,WY
417682,1,MO
230834,1,VT
198215,2,NC
198233,1,NC
165255,3,MA
475398,2,WV
143659,2,IL
417983,1,NY
430306,2,VA
189839,1,NY
430883,1,NY
189848,2,NY
439367,2,CA
456977,3,FL
449092,3,FL
449083,3,FL
449773,3,TX
447874,3,FL
451495,3,PA
162104,1,MD
211468,2,PA
417053,2,CA
201654,2,OH
487621,3,LA
454917,3,FL
160126,3,LA
158477,2,LA
183974,2,NJ
379782,3,TX
451413,3,NY
364964,1,NY
455910,3,NC
488226,3,FL
481447,3,NJ
486381,3,NY
457651,3,MN
232618,2,VA
100760,1,AL
104346,1,AZ
106713,2,AR
419183,3,CA
436003,3,NJ
198251,1,NC
218858,1,SC
154855,2,KS
176910,2,MO
378105,3,CA
153108,2,IA
417725,3,MO
180902,1,NE
128771,1,CT
483045,1,GA
173203,1,MN
158088,1,LA
161077,1,ME
445267,2,MO
176947,2,MO
169248,1,MI
187532,1,NM
201672,1,OH
206932,3,OK
208318,1,OR
211477,3,PA
493558,3,PA
369668,1,PA
198260,1,NC
201681,2,OH
231688,1,VA
201690,1,OH
406422,1,PA
246017,1,OK
246460,3,TX
383464,3,TX
223816,1,TX
231697,1,VA
234827,1,WA
240514,1,WY
488004,2,NY
189857,2,NY
491260,3,WA
234845,1,WA
156408,2,KY
420024,3,VA
377449,3,VA
377458,3,VA
427982,3,VA
232016,3,VA
175315,1,MN
111887,1,CA
111896,1,CA
444510,2,CA
427894,2,VA
381255,2,CA
111744,2,CA
111726,2,CA
432269,2,TX
381282,2,CA
111799,2,CA
111708,2,CA
111717,2,CA
381325,2,CA
468769,2,CA
111762,2,CA
111920,1,CA
180948,1,NE
111939,1,CA
454218,3,IL
454245,3,AZ
489353,3,CA
457129,3,FL
475732,3,GA
454227,3,IL
475741,3,IN
492759,3,LA
486947,3,MI
466921,3,MO
486938,3,NV
486956,3,NJ
489344,3,NC
454236,3,OH
466930,3,TX
460871,3,VA
141486,2,HI
483753,3,PA
449782,3,TX
492069,2,AR
230852,2,VT
364025,1,AZ
111948,2,CA
123493,1,CA
223852,3,TX
419095,1,MA
104391,3,AZ
111966,2,CA
418171,3,NY
217794,3,SC
237303,3,WV
451510,3,SC
217688,2,SC
444778,2,NC
132976,1,FL
102845,3,WA
128780,1,CT
217828,3,SC
201751,2,OH
211556,2,PA
140331,1,GA
101028,1,AL
220118,3,TN
219824,1,TN
240709,3,WY
381699,3,CO
208390,1,OR
162168,1,MD
437769,3,VA
418427,1,PA
211583,2,PA
211608,1,PA
181145,2,NE
492078,3,IL
492607,2,TX
437732,2,TX
144005,1,IL
144014,2,IL
180160,1,MT
133021,1,FL
240116,1,WI
375656,1,OK
201803,1,OH
198303,2,NC
175494,3,MS
494630,2,TX
189981,2,NY
219833,2,TN
488590,2,OR
150215,2,IN
491552,3,IN
189990,3,NY
475468,3,NJ
231712,1,VA
112127,2,CA
201867,2,OH
490692,3,OH
201928,1,OH
461829,3,CA
190008,2,NY
223898,1,TX
217864,1,SC
211635,2,PA
112172,1,CA
112181,3,CA
112190,1,CA
417327,2,FL
244233,2,FL
406547,2,FL
475477,2,FL
434539,2,FL
144500,1,IL
144209,1,IL
144184,1,IL
144157,1,IL
144166,1,IL
144175,1,IL
144193,1,IL
144218,1,IL
481517,3,MO
234915,2,WA
457697,2,MO
208406,1,OR
217873,2,SC
112251,2,CA
488387,2,CA
112260,2,CA
124283,2,CA
223922,1,TX
211644,1,PA
138947,2,GA
234933,1,WA
201973,1,OH
165334,2,MA
153126,2,IA
211024,2,PA
237321,3,WV
180832,2,NE
190044,2,NY
450401,2,OK
208415,1,OR
139311,1,GA
156417,2,KY
430908,1,PA
169327,2,MI
217882,1,SC
411754,2,OH
198321,1,NC
202046,2,OH
202073,2,OH
219879,1,TN
202134,1,OH
177038,2,KS
217891,2,SC
190053,1,NY
417868,1,NY
260336,1,MO
154907,1,KS
234951,1,WA
112367,1,CA
489201,1,CA
187639,1,NM
366155,3,LA
158538,3,LA
248527,3,LA
449393,3,CA
485412,3,CA
175519,1,MS
112376,1,CA
101161,1,AL
223320,1,TX
198330,1,NC
218724,1,SC
485458,1,GA
450988,3,CA
112385,1,CA
112455,3,CA
104425,1,AZ
190071,2,NY
404426,1,AZ
153144,2,IA
154925,1,KS
217907,2,SC
161086,2,ME
154934,1,KS
182634,2,NH
190080,2,NY
190099,2,NY
230144,3,UT
169442,2,MI
108667,1,CA
388520,2,TX
132851,1,FL
217819,1,SC
139250,1,GA
210340,3,OR
150251,3,IN
144865,1,IL
142179,1,ID
208433,3,OR
180957,3,NE
456287,3,NE
379746,3,TX
146472,1,IL
118347,1,CA
460808,3,ID
413617,2,WI
193399,2,NY
167394,2,MA
174747,2,MN
181604,2,NE
122791,1,CA
142559,1,ID
162122,1,MD
182005,1,NV
190558,1,NY
197814,1,NC
160959,2,ME
111461,1,CA
113573,1,CA
166124,2,MA
226408,1,TX
480967,1,OK
178697,2,MO
121707,1,CA
123217,1,CA
123484,1,CA
455114,1,ID
199078,3,NC
493822,2,RI
247834,1,TX
461953,3,CO
126669,2,CO
126678,2,CO
443632,3,CO
127556,1,CO
126711,1,CO
126748,1,CO
381732,3,CO
126775,1,CO
126784,3,CO
381352,3,CO
128106,1,CO
126818,1,CO
476975,1,CO
446978,1,CO
126827,3,CO
234979,1,WA
479248,3,VA
217934,2,SC
455983,3,VA
112561,1,CA
177065,2,MO
144281,2,IL
112570,2,CA
238573,2,WI
420556,1,OR
480693,3,MD
217925,2,SC
450933,3,AL
219888,1,TN
139348,2,GA
190150,2,NY
190169,1,NY
202152,1,OH
202170,2,OH
202222,1,OH
139366,1,GA
139357,1,GA
491215,3,AZ
366261,2,TX
212975,2,PA
439570,2,OK
446163,2,CA
210605,1,PA
126863,1,CO
434672,1,MD
211079,1,PA
126942,1,CO
215239,1,PA
217475,1,RI
230861,1,VT
452540,2,OH
447962,3,LA
459417,2,MI
112686,1,CA
423120,3,FL
177083,2,MO
237330,1,WV
126687,3,CO
460181,3,TX
123679,3,CA
441742,3,TX
155283,3,MO
219903,3,TN
124937,3,CA
208479,3,OR
460206,3,TX
124706,3,CA
120661,3,CA
487588,3,MS
133845,3,FL
133854,3,FL
460190,3,FL
133863,3,FL
190248,2,NY
173300,2,MN
177092,2,MO
150288,2,IN
169363,2,MI
224004,2,TX
144351,2,IL
112075,2,CA
180984,2,NE
173328,2,MN
238616,2,WI
493600,2,NY
128902,2,CT
206996,1,OK
262341,3,AZ
488040,3,SC
182652,3,NH
467094,3,NY
374990,3,NY
190318,3,NY
194435,3,NY
112826,1,CA
112817,1,CA
491950,3,CA
217961,2,SC
165495,2,MA
190372,2,NY
175573,1,MS
395362,1,CA
162283,1,MD
210331,2,OR
451343,3,MS
153162,2,IA
190415,2,NY
170037,2,MI
235024,2,WA
215044,3,PA
387925,3,FL
434308,3,MD
438285,3,FL
134574,3,FL
128896,3,CT
486770,3,TX
144795,3,IL
482200,3,TX
173470,3,MN
147642,3,IL
445780,3,ID
407142,3,LA
459189,3,CA
106795,1,AR
113096,1,CA
177117,2,MO
184180,1,NJ
139393,2,GA
226675,2,TX
177126,2,MO
154952,1,KS
176770,2,MO
144485,3,IL
454874,3,FL
113111,1,CA
169424,2,MI
417503,3,KS
198367,1,NC
419484,1,PA
169813,3,MI
434830,3,OH
444051,3,OH
483911,3,IL
181002,2,NE
158617,3,LA
180090,3,MT
475608,2,TX
177135,1,MO
106810,2,AR
174862,2,MN
493530,3,VA
371830,3,CA
417248,1,CT
496715,3,TX
113193,1,CA
444565,3,TX
190503,2,NY
486390,3,NY
446206,1,VA
177144,2,MO
219949,2,TN
190512,1,NY
190521,1,NY
190530,1,NY
190549,1,NY
190567,1,NY
190576,1,NY
190585,1,NY
190594,1,NY
190600,1,NY
190619,1,NY
190628,1,NY
190637,1,NY
190646,1,NY
190655,1,NY
190664,1,NY
190673,1,NY
190682,1,NY
475565,1,NY
190035,1,NY
190691,1,NY
165529,2,MA
211893,2,PA
490300,3,NJ
202356,1,OH
204981,1,OH
113218,1,CA
190707,2,NY
480888,3,TX
113236,1,CA
496070,2,NY
461306,1,FL
492096,3,MI
190716,2,NY
231873,1,VA
190725,2,NY
200314,1,ND
173416,1,MN
219082,1,SD
219091,2,SD
224226,2,TX
443021,3,TX
224244,2,TX
224615,1,TX
224271,2,TX
224305,2,TX
487959,3,GA
139463,1,GA
144564,1,IL
231882,1,VA
455178,3,NC
182670,2,NH
169479,2,MI
169503,3,MI
198385,2,NC
198376,1,NC
486859,3,NE
237358,2,WV
202435,3,OH
194569,2,NY
230162,1,UT
130873,3,DE
180151,1,MT
496469,2,CA
202453,3,OH
449700,3,OH
447014,3,FL
133386,1,FL
406413,3,PA
113333,1,CA
165574,2,MA
484084,3,IL
202514,2,OH
488192,3,CA
224350,1,TX
406361,1,NY
432524,2,DE
211927,1,PA
430971,1,PA
449472,3,DE
130934,1,DE
130882,1,DE
130907,1,DE
211981,2,PA
158662,1,LA
113537,2,CA
162335,3,MD
175607,3,MS
169521,1,MI
402563,3,LA
366270,3,LA
483355,3,LA
483364,3,LA
490540,3,AR
175616,1,MS
447023,3,MS
493804,3,TX
158787,3,LA
202523,2,OH
449603,3,IN
217989,1,SC
452771,3,OH
452780,3,OH
454856,3,CO
126979,2,CO
144740,2,IL
150400,2,IN
494463,2,NY
484923,3,VA
153214,1,IA
154156,2,IA
210739,2,PA
113582,3,CA
441256,3,CA
480921,3,AR
169576,3,MI
482413,3,NY
144777,3,IL
482422,3,AZ
482431,3,CA
482440,3,CO
482459,3,FL
482468,3,GA
482477,3,IL
482486,3,IN
482538,3,MO
482547,3,NV
482556,3,NJ
482565,3,NC
482574,3,OH
482608,3,PA
482617,3,TN
482635,3,TX
482653,3,VA
113634,1,CA
476780,3,CA
461388,3,TX
212009,2,PA
200059,1,ND
373526,3,LA
260664,3,LA
443410,3,WA
480028,3,NY
490498,2,LA
451255,3,MA
158802,2,LA
165608,1,MA
105297,1,AZ
184278,3,NJ
235088,3,WA
395690,3,CA
445869,2,VA
153241,2,IA
230171,1,UT
451583,1,UT
211802,3,PA
181020,2,NE
154998,1,KS
485607,3,CT
190761,2,NY
113704,2,CA
148496,2,IL
113698,2,CA
150428,3,IN
122117,2,CA
155007,2,KS
153250,2,IA
169761,3,MI
483504,3,MI
250744,3,MI
455558,3,MI
460482,3,MI
247153,3,MI
495837,3,MI
169734,3,MI
212045,3,PA
261436,3,MI
371690,1,CA
262466,2,CO
449481,2,FL
153269,2,IA
184348,2,NJ
212054,2,PA
177214,2,MO
492801,2,MO
492139,3,MI
198419,2,NC
175227,2,MN
212106,2,PA
495253,3,OK
198455,1,NC
431105,1,NY
190840,1,NY
458043,3,TX
220057,1,TN
154466,3,IA
488174,3,MO
496326,3,ID
447421,3,UT
230366,3,UT
150455,2,IN
106883,1,AR
198464,1,NC
177250,1,MO
175643,1,MS
207041,1,OK
139621,1,GA
113856,1,CA
175652,1,MS
204884,3,OH
212115,1,PA
220075,1,TN
224527,2,TX
441210,1,AZ
439394,3,FL
208637,3,OR
483799,3,WI
144883,2,IL
104577,1,AZ
375966,1,PA
106892,3,AR
364751,3,LA
129215,1,CT
132693,1,FL
203331,1,OH
144892,1,IL
448354,3,NJ
421878,3,NJ
153311,1,IA
156620,1,KY
161138,1,ME
232043,2,VA
169798,1,MI
165644,2,MA
383996,1,NM
187648,1,NM
187666,1,NM
418348,1,OK
207050,1,OK
208646,1,OR
446224,3,NJ
232052,1,VA
486877,1,NY
486886,1,NY
418065,1,NY
212133,2,PA
441858,3,VA
231970,1,VA
235097,1,WA
438708,1,WV
240596,1,WY
407461,1,OH
183488,3,NJ
185721,3,NJ
184959,3,NJ
446233,2,AR
133492,2,FL
248934,3,VA
247162,2,MI
177278,2,MO
198491,1,NC
238661,2,WI
212160,1,PA
202648,1,OH
235103,1,WA
457794,2,NY
146454,3,IL
260965,3,IL
149204,3,IL
490461,3,TN
442806,2,VA
133526,2,FL
202657,1,OH
410964,3,MA
113980,1,CA
224642,1,TX
476887,3,GA
483382,3,NY
494001,3,NC
451282,3,MI
479983,3,CO
144944,1,IL
488305,2,NY
492005,3,OH
451529,3,TN
461607,3,CA
490294,3,WA
461999,3,OH
495776,3,TX
452887,3,OH
496371,3,OH
198507,1,NC
362782,3,MA
212197,2,PA
156648,1,KY
153296,1,IA
486080,2,NY
144962,2,IL
190974,3,NY
190983,2,NY
198516,2,NC
490346,2,NY
133553,2,FL
104586,2,AZ
426314,2,FL
457378,1,FL
165662,2,MA
127158,1,CO
139630,2,GA
165671,2,MA
153302,2,IA
232025,2,VA
139658,2,GA
487092,2,GA
114114,3,CA
212328,3,PA
481678,3,GA
447175,3,CO
447148,3,AZ
368230,3,NJ
174978,3,MN
430218,3,NJ
164845,3,MA
383765,3,NY
485014,3,NY
375984,3,PA
104443,3,AZ
459019,3,NC
485397,3,PA
157614,3,KY
184816,3,NJ
407470,3,OH
450614,3,NC
157669,3,KY
458803,3,TN
157650,3,KY
157678,3,KY
480310,3,MD
407735,3,WI
212337,3,GA
415039,3,PA
212382,3,PA
450641,3,NH
151652,3,IN
458821,3,TN
440101,3,GA
182704,3,NH
491145,3,FL
212276,3,PA
212230,3,PA
447166,3,CO
161493,3,ME
407179,3,MA
195067,3,NY
169284,3,MI
444282,3,VA
448798,3,WI
430227,3,PA
458867,3,GA
458812,3,TN
212753,3,PA
495518,3,VA
450605,3,PA
486691,3,GA
106111,3,AZ
444291,3,MD
193991,3,NY
459064,3,NC
212300,3,PA
190239,3,NY
212391,3,PA
450599,3,VA
481845,3,NY
459000,3,TN
478582,3,GA
212294,3,PA
182722,3,NH
458858,3,IN
456135,3,MN
458830,3,PA
481748,3,IL
491136,3,FL
128337,3,CO
103741,3,AZ
184506,3,NJ
481739,3,IL
476179,3,VA
217581,3,RI
478616,3,NC
444307,3,PA
459055,3,FL
459046,3,NC
212355,3,PA
212267,3,PA
114123,3,CA
446242,2,KY
155025,1,KS
165699,2,MA
207087,3,OK
230418,2,UT
101143,1,AL
124487,2,CA
224712,2,TX
457581,3,KS
439622,1,NY
383525,1,NY
191083,1,NY
212434,3,PA
409254,2,IL
217998,2,SC
369419,1,FL
492306,1,CA
184481,1,NJ
494649,3,UT
446251,3,IL
461582,3,IL
417062,3,CA
384333,1,AZ
244613,3,IL
200590,3,OH
450720,3,NV
144971,2,IL
458423,3,NV
491598,3,PA
177339,2,MO
212443,2,PA
230199,3,UT
454935,3,ID
230205,3,UT
235149,1,WA
385619,2,FL
446260,3,WA
114266,1,CA
207102,3,OK
461537,3,MO
494472,2,TX
196680,2,NY
224758,3,TX
460376,2,VA
129242,2,CT
184694,2,NJ
184603,2,NJ
237367,1,WV
153320,2,IA
443049,2,WA
494597,2,FL
493813,3,PA
443058,2,OK
196042,1,NY
191126,1,NY
101189,2,AL
381486,3,IA
248624,1,PA
413176,1,WV
198543,1,NC
198534,1,NC
114433,1,CA
114460,3,CA
487861,3,OH
184612,2,NJ
169910,1,MI
232089,2,VA
114354,3,CA
114390,3,CA
114549,2,CA
436599,3,MA
191199,1,NY
475422,2,NY
172440,2,MI
205090,2,OH
461874,3,WI
484075,3,FL
137023,1,FL
145099,3,IL
165802,2,MA
220181,2,TN
165820,1,MA
114585,3,CA
191205,3,NY
133711,2,FL
461245,1,FL
476513,3,CA
180197,1,MT
160481,1,LA
155052,1,KS
169947,3,MI
218025,1,SC
462035,3,FL
447908,3,FL
496681,3,FL
133650,1,FL
133669,1,FL
441380,3,FL
487445,3,FL
487409,3,FL
487490,3,TX
487436,3,FL
487418,3,FL
487454,3,FL
133997,3,FL
487472,3,FL
487384,3,FL
487427,3,FL
487393,3,FL
434715,3,FL
133809,2,FL
434441,3,FL
441423,3,FL
135160,1,FL
433660,1,FL
476814,3,FL
133881,2,FL
480569,2,FL
133942,3,FL
486512,3,FL
133951,1,FL
133979,2,FL
408844,3,FL
138284,1,FL
482936,1,FL
495299,3,FL
134024,3,FL
457350,2,FL
134079,2,FL
133508,1,FL
133702,1,FL
134097,1,FL
488253,3,NY
444219,1,CA
380368,1,MN
177418,2,MO
114716,1,CA
114831,1,CA
419332,1,PA
191241,2,NY
208044,3,OK
198552,1,NC
155061,1,KS
127185,1,CO
135267,1,FL
180212,1,MT
134228,3,FL
155098,1,KS
139719,1,GA
224828,3,TX
392415,3,TX
371052,3,AL
439738,3,LA
205179,3,OH
450067,3,OH
460020,3,SC
450058,3,OH
490975,3,FL
487302,3,OH
455460,3,AL
436641,3,AL
458681,3,IN
494843,3,MD
475130,3,AL
455488,3,AL
233329,3,VA
439792,3,FL
382957,3,VA
456454,3,UT
372921,3,GA
459958,3,TX
455628,3,AL
494436,3,TN
249609,3,PA
475024,3,NJ
452124,3,TN
455479,3,FL
445744,3,FL
385503,3,PA
163347,3,MD
183725,3,NJ
488271,3,WA
175698,3,MS
485236,3,PA
457873,1,OH
177436,1,MO
145239,3,IL
238722,1,WI
165866,1,MA
218061,1,SC
245999,1,OK
160074,2,LA
114734,2,CA
205957,2,OH
224891,1,TX
212577,2,PA
150604,2,IN
248633,1,PA
483577,3,TN
182795,2,NH
409120,1,MO
202806,2,OH
441982,2,MA
459329,1,FL
237844,1,WV
162557,1,MD
114761,3,CA
220215,2,TN
372073,3,CA
455062,3,MI
114789,1,CA
114813,2,CA
155089,2,KS
127200,1,CO
403469,1,IL
156727,2,KY
162584,1,MD
134237,3,FL
114840,2,CA
114859,1,CA
191302,1,NY
218070,2,SC
476498,3,FL
481030,2,WV
459310,3,FL
476939,3,FL
407090,3,IL
145406,3,IL
485926,3,TX
101240,1,AL
490090,1,FL
461254,3,CA
491181,3,KY
452948,3,OH
156471,3,KY
406033,3,TX
406024,3,FL
497116,3,TX
496991,3,FL
497125,3,TN
131450,2,DC
224961,1,TX
212601,2,PA
155104,1,KS
488013,3,NJ
198561,2,NC
431169,1,WV
162609,1,MD
145275,2,IL
198570,1,NC
157438,1,KY
105145,1,AZ
130396,1,CT
246895,1,AZ
238759,1,WI
495147,2,WA
114938,1,CA
456542,2,PA
460385,2,PA
145309,3,IL
480912,3,TX
114947,2,CA
191311,2,NY
191339,1,NY
431196,1,NY
220765,3,TN
382780,3,TN
212656,2,PA
101286,1,AL
101295,1,AL
101301,1,AL
208822,2,OR
232186,1,VA
134291,1,FL
134307,1,FL
131469,2,DC
156745,2,KY
131496,2,DC
138822,3,GA
139861,1,GA
447689,1,GA
139700,1,GA
408862,3,GA
139755,1,GA
485111,1,GA
139384,1,GA
244446,1,GA
139931,1,GA
139764,1,GA
139940,1,GA
244437,1,GA
184773,2,NJ
202888,3,OH
232195,1,VA
212674,2,PA
494551,2,NY
235307,3,WA
169974,1,MI
115010,3,CA
497338,3,CA
104708,1,AZ
115001,1,CA
237385,1,WV
488651,3,NM
492935,3,FL
493521,3,OH
449384,3,CA
230889,2,VT
202903,2,OH
169992,1,MI
115083,2,CA
115126,1,CA
130989,2,DE
235316,2,WA
202912,2,OH
492281,3,AR
129154,2,CT
165936,2,MA
375683,1,OK
139968,1,GA
165945,2,MA
150668,2,IN
491729,3,MS
162654,2,MD
493150,3,TN
486530,3,TN
145336,1,IL
363679,3,MO
170000,2,MI
150677,2,IN
483841,3,NY
481058,2,CA
481401,2,TX
153366,2,IA
115214,2,CA
139746,1,GA
145354,2,IL
159009,1,LA
104717,3,AZ
170055,1,MI
176983,1,MO
170082,1,MI
153375,2,IA
183257,1,NH
442569,3,KS
212771,2,PA
235334,1,WA
225070,1,TX
182306,1,NV
183150,1,NH
180249,1,MT
495110,2,MI
170091,2,MI
213181,3,PA
497213,2,WA
202949,1,OH
364548,1,OK
383367,1,PA
418454,1,PA
382416,1,MA
428019,1,OK
235343,1,WA
260363,1,PA
365240,1,OH
165981,1,MA
198598,2,NC
218113,1,SC
145372,2,IL
153384,2,IA
115296,1,CA
115287,1,CA
212805,2,PA
198613,2,NC
198622,1,NC
134343,1,FL
139995,2,GA
459213,3,CA
173647,2,MN
159027,3,LA
436632,3,NC
140003,3,GA
444714,3,GA
425250,3,GA
490559,3,FL
140012,1,GA
212832,2,PA
102313,1,AL
383084,1,CA
495314,2,NJ
162690,1,MD
163541,3,MD
436030,3,MD
488262,3,DE
496672,3,OK
447971,3,MD
367981,3,IL
145424,3,IL
145433,3,IL
367051,3,IL
198640,1,NC
225201,2,TX
191515,2,NY
173665,2,MN
232256,2,VA
166018,2,MA
232265,2,VA
369950,3,OH
455327,3,TX
202985,1,OH
177542,2,MO
150756,2,IN
212869,2,PA
225247,2,TX
107044,2,AR
162706,1,MD
490382,3,NH
177551,1,MO
212878,1,PA
446640,2,PA
129491,2,CT
115393,1,CA
191533,2,NY
166027,2,MA
115409,2,CA
155140,1,KS
417600,3,MN
181127,2,NE
176062,3,MS
111045,2,CA
212911,2,PA
383190,1,HI
141608,3,HI
460756,3,HI
141644,2,HI
153445,1,IA
478917,3,KS
155159,3,KS
198668,1,NC
156790,1,KY
173683,2,MN
418612,1,PA
490054,3,FL
439668,3,AZ
247010,3,ID
455071,3,MO
454795,3,CA
441830,3,UT
456968,3,NC
493585,2,PA
493752,3,TN
450960,3,CA
481465,3,LA
446303,3,NJ
384342,1,IL
166045,2,MA
145497,2,IL
203067,2,NY
203085,2,OH
180276,1,MT
191597,2,NY
166054,2,MA
481155,2,GA
156851,1,KY
107071,1,AR
107080,2,AR
173708,1,MN
431266,1,VA
170240,1,MI
198677,2,NC
101453,2,AL
235422,2,WA
214476,2,PA
431275,1,NY
191612,1,NY
200785,2,OH
140340,2,GA
101365,2,AL
459851,2,WI
459842,2,WI
240392,2,WI
174154,2,MN
433536,2,LA
386472,2,FL
496973,2,FL
155177,2,KS
173735,1,MN
484002,3,CA
208053,1,OK
198695,2,NC
485403,2,CA
155186,1,KS
145521,1,IL
180081,1,MT
235583,3,WA
407708,3,WA
235431,1,WA
191621,2,NY
225371,1,TX
134495,1,FL
168555,3,MI
170286,2,MI
115658,3,CA
175786,1,MS
480000,3,CA
203128,2,OH
203146,2,OH
191630,2,NY
134510,2,FL
203155,1,OH
367884,2,FL
191649,2,NY
490407,3,GA
184746,3,NJ
461379,3,MD
232308,2,VA
495174,3,CA
443234,3,FL
134529,3,FL
485388,3,FL
485379,3,FL
175810,1,MS
129534,2,CT
150774,2,IN
212984,2,PA
184968,2,NJ
115728,2,CA
166133,1,MA
457086,2,CA
203386,3,OH
141680,1,HI
162760,2,MD
443076,2,NC
170301,2,MI
488332,3,FL
120537,2,CA
156860,1,KY
457226,2,IN
218140,1,SC
488411,3,CA
107099,3,AR
191676,2,NY
129543,1,CT
176716,3,MO
177588,3,MO
421771,3,MO
225399,2,TX
493743,3,TX
225423,1,TX
246345,2,TX
458034,3,TX
492157,3,TX
380067,3,TX
484996,3,TX
225520,1,TX
162779,1,MD
225548,2,TX
131520,2,DC
184995,1,NJ
191719,1,NY
164368,2,MA
115773,2,CA
191728,3,NY
101435,2,AL
440217,1,PA
237437,3,WV
377643,3,WV
150941,2,IN
488068,3,TN
449348,2,AL
363439,3,KY
368443,3,TN
205559,3,OH
444255,3,TN
220002,3,TN
486965,3,CA
212993,3,PA
487524,2,ME
225575,2,TX
155195,1,KS
486345,3,IL
368771,2,CA
372329,3,CO
491738,3,HI
193405,2,NY
491659,2,CA
493947,3,ID
142276,1,ID
480161,3,KY
449597,3,IN
483780,3,VA
127273,2,CO
434584,1,AK
145682,1,IL
145691,2,IL
145628,2,IL
443368,1,IL
145725,2,IL
419253,3,IL
460145,3,IL
145813,1,IL
145831,1,IL
145646,2,IL
487922,3,TN
213011,2,PA
457387,1,FL
115861,1,CA
155201,1,KS
465812,2,UT
491880,3,CA
495280,2,AZ
418296,1,OK
153472,1,IA
134608,1,FL
418560,1,PA
151290,2,IN
492962,2,IN
151324,1,IN
213020,1,PA
151351,1,IN
151388,1,IN
151333,1,IN
151360,1,IN
151111,1,IN
151342,1,IN
151379,1,IN
488420,3,IN
151801,2,IN
488679,2,IN
415057,3,CT
485564,3,LA
388663,3,OH
483106,3,NJ
492731,3,NJ
457554,3,IL
491932,3,FL
115931,3,CA
145886,2,IL
462044,2,ME
441548,3,NJ
458122,3,VA
496751,3,TX
187745,1,NM
489335,2,CA
444699,3,HI
493080,3,CA
457819,3,NY
448017,3,MS
481207,3,MD
493363,2,SD
461218,3,PA
491570,3,GA
454616,3,MN
448044,3,NV
454838,2,CO
441663,3,OR
431141,3,CA
455804,2,DC
483373,3,CA
128179,3,CO
128188,3,CO
440776,3,TX
443696,3,TX
367361,3,TX
138655,3,GA
442435,3,GA
138664,3,GA
367103,3,KY
483869,3,FL
481960,3,CA
457208,3,CA
442888,3,CA
366289,3,CA
443571,3,CA
140146,2,GA
116226,3,CA
134714,3,FL
457785,3,NV
235501,3,WA
436614,2,AZ
491686,3,AZ
431284,3,TX
488378,3,WA
238005,3,WV
151467,3,IN
462336,3,CA
203289,3,OH
461175,3,CA
453297,3,OH
488925,3,SC
448691,2,PA
457341,3,CT
127316,3,CO
113449,3,CA
480347,3,AZ
116350,3,CA
365091,3,GA
443128,2,CA
439686,2,FL
173799,1,MN
191931,2,NY
153524,1,IA
153533,1,IA
153597,3,IA
154165,3,IA
154457,3,IA
153603,1,IA
153621,2,IA
153630,1,IA
441238,2,CA
443137,3,MI
116439,1,CA
191940,2,NY
191959,3,NY
198710,1,NC
173805,1,MN
175829,1,MS
191968,2,NY
159197,3,LA
150987,1,IN
437237,2,RI
481474,3,CA
101471,1,AL
150765,3,IN
232414,1,VA
490416,3,LA
101462,1,AL
170444,1,MI
220400,1,TN
175856,1,MS
225876,2,TX
101480,1,AL
134945,2,FL
203678,1,OH
232423,1,VA
237473,1,WV
198729,1,NC
192004,3,NY
191986,1,NY
225885,2,TX
443146,3,TX
483276,3,OK
414540,3,PA
177676,1,MO
156921,1,KY
192022,1,NY
418445,1,PA
417886,1,NY
107123,2,AR
101505,1,AL
207704,3,OK
451918,3,TN
455196,3,NJ
192040,2,NY
185679,2,NJ
419341,3,PA
185174,3,NJ
188696,3,NY
220464,2,TN
146205,1,IL
401764,3,IL
107141,2,AR
101514,1,AL
203368,2,OH
446349,1,WV
159328,3,LA
455239,3,NY
488776,3,IN
462354,2,CA
428125,3,CA
146278,1,IL
491242,3,OR
162928,2,MD
445708,2,NC
439288,2,CO
414823,2,FL
460349,2,RI
217235,2,RI
198756,2,NC
213233,2,PA
155210,1,KS
220473,2,TN
132879,2,FL
198774,1,NC
496742,3,VA
210474,3,PA
431099,3,MA
478661,3,NJ
213215,3,PA
486734,3,NJ
484321,3,NJ
146296,1,IL
175883,1,MS
487311,2,FL
461281,3,FL
456551,3,ND
200110,3,ND
215479,2,PA
181190,3,NE
101541,2,AL
146339,2,IL
461139,2,NC
213251,2,PA
484057,3,MA
485810,3,TX
481313,3,FL
170532,2,MI
170541,1,MI
146348,1,IL
155308,2,KS
177746,2,MO
155292,1,KS
490601,2,MO
179812,2,MO
155399,1,KS
155414,2,KS
141796,1,HI
146366,1,IL
141802,1,HI
494658,3,CA
374343,3,MS
492652,3,FL
225991,3,TX
185262,1,NJ
440031,2,CA
182892,3,NH
183062,1,NH
192165,2,NY
135081,2,FL
170550,1,MI
161192,1,ME
486840,1,GA
218195,3,SC
445850,3,SC
460011,3,SC
489159,3,SC
467906,3,SC
218159,3,SC
432117,3,SC
445841,3,SC
488439,3,IN
493497,3,VA
177816,2,MO
203447,1,OH
203456,1,OH
203526,1,OH
203517,1,OH
203492,1,OH
203465,1,OH
203474,1,OH
203483,1,OH
157100,2,KY
157854,1,KY
487904,3,KY
157030,2,KY
157058,1,KY
157076,2,KY
203535,2,OH
461847,2,NJ
203544,2,OH
169983,2,MI
192192,2,NY
457475,3,GA
461315,1,MI
134422,3,FL
213303,2,PA
375726,1,OK
226019,1,TX
220516,2,TN
213321,2,PA
417628,1,MO
153737,1,IA
170587,1,MI
146418,1,IL
428392,1,OR
146427,2,IL
375373,1,OH
490452,3,AZ
213349,1,PA
171881,2,MI
490717,3,NV
457633,3,MI
429012,3,FL
383163,3,FL
135142,3,FL
153773,3,IA
153746,3,IA
154332,3,IA
153782,3,IA
154341,3,IA
153764,3,IA
213358,2,PA
213367,2,PA
117627,2,CA
483920,3,OH
155450,1,KS
165264,2,MA
260372,1,WI
213376,2,PA
213385,2,PA
140234,2,GA
117168,2,CA
219143,1,SD
177870,1,MO
203580,2,OH
407629,2,PA
146481,2,IL
146490,2,IL
146506,1,IL
170620,1,MI
200192,1,ND
173461,1,MN
170639,1,MI
117195,1,CA
135179,1,FL
235699,1,WA
135188,1,FL
203599,1,OH
238980,2,WI
183123,1,NH
239008,1,WI
146533,2,IL
451291,3,MI
496706,2,OH
127389,1,CO
441760,1,TX
226107,1,TX
226116,1,TX
226091,1,TX
456214,3,TX
117238,3,CA
213400,2,PA
418533,1,PA
213455,3,PA
213446,2,PA
218229,1,SC
247649,2,VT
220598,2,TN
209038,1,OR
117247,1,CA
207209,1,OK
140243,1,GA
213473,3,PA
213491,3,PA
170657,1,MI
240620,1,WY
226125,3,TX
486503,3,TX
226134,1,TX
476489,3,IL
495387,3,IL
496964,3,IL
366401,1,CA
182148,3,NV
160472,3,LA
166391,2,MA
117274,1,CA
117283,2,CA
485485,3,FL
250027,3,PA
232575,1,VA
215992,3,PA
408729,3,PA
454786,3,CA
483957,3,CA
481298,3,CA
166407,2,MA
170675,2,MI
239017,2,WI
101569,1,AL
192323,2,NY
220604,2,TN
483221,3,CA
488138,3,LA
488235,3,MO
418542,1,PA
213507,2,PA
226204,1,TX
484172,3,FL
220613,2,TN
413626,1,MN
198808,2,NC
141811,1,HI
444228,3,SC
213525,1,PA
213543,2,PA
491677,3,PA
418515,1,PA
198817,1,NC
198835,2,NC
441618,3,NY
198844,3,NC
166452,2,MA
226231,2,TX
213552,3,PA
209056,2,OR
146603,1,IL
146612,2,IL
142328,1,ID
177931,1,MO
450632,3,KY
157207,2,KY
427335,3,NY
232557,2,VA
117520,2,CA
117104,2,CA
140252,2,GA
475574,3,IN
494029,3,IN
192271,3,NY
218238,2,SC
146667,2,IL
146676,2,IL
163028,3,MD
126951,3,CO
226277,3,TX
151661,3,IN
434159,3,GA
146700,3,IL
221148,3,TN
146685,1,IL
220631,2,TN
213570,3,PA
129181,3,CT
184056,3,NJ
433101,3,RI
420343,3,NJ
374574,3,NJ
129923,3,CT
442073,3,NJ
213589,3,PA
445911,3,CT
165556,3,MA
184427,3,NJ
185396,3,NJ
449320,3,NY
403478,1,IL
213598,1,PA
177940,1,MO
117557,2,CA
177968,2,MO
135294,1,FL
461722,3,KY
157216,2,KY
209065,2,OR
437325,2,OR
437316,2,OR
209074,1,OR
485519,3,CA
219976,2,TN
180328,1,MT
434016,1,NE
135276,1,FL
421832,3,NC
198862,2,NC
213613,1,PA
177986,2,MO
117636,2,CA
227182,1,TX
117645,1,CA
383297,3,NY
192484,3,NY
192509,3,NY
461838,3,NY
192448,2,NY
232566,1,VA
166489,2,MA
203748,1,OH
409591,1,OH
135337,3,FL
153825,2,IA
133155,1,FL
490124,3,CA
117788,1,CA
446385,3,CA
117681,1,CA
117803,1,CA
436429,3,CA
117690,1,CA
117867,1,CA
400558,3,CA
474863,2,CA
117706,1,CA
117715,1,CA
117724,1,CA
117733,1,CA
117894,1,CA
117900,1,CA
494621,3,VA
198871,2,NC
159531,3,LA
159568,2,LA
449612,3,LA
483212,1,LA
159391,1,LA
159373,1,LA
435000,1,LA
159382,1,LA
159407,1,LA
159416,1,LA
159647,1,LA
157298,2,KY
203757,2,OH
458007,3,TN
166498,3,MA
235750,1,WA
117946,2,CA
146719,2,IL
163046,2,MD
159656,2,LA
117955,3,CA
226383,2,TX
483726,3,VA
363633,1,NM
101602,1,AL
153834,2,IA
135364,2,GA
173896,2,MN
178004,3,MO
146728,2,IL
213659,1,PA
213668,2,PA
118143,3,CA
118134,3,CA
132657,2,FL
482246,3,ND
492379,3,ND
106342,2,AR
118161,3,CA
170736,3,MI
481003,3,TX
441414,1,FL
173902,2,MN
146816,2,IL
192624,2,NY
170790,1,MI
497046,1,CA
375407,1,OH
238263,1,WI
379621,1,NY
157304,1,KY
170806,2,MI
182917,2,NH
176390,3,MS
153861,2,IA
407489,1,OH
161509,2,ME
161022,2,ME
161299,1,ME
490753,2,ME
490221,3,GA
495040,3,HI
449366,3,CA
203775,2,OH
135407,1,FL
129695,1,CT
183132,1,NH
151777,2,IN
461272,3,UT
192688,3,NY
155487,1,KS
155496,2,KS
192703,2,NY
420981,2,NY
192712,2,NY
192749,2,NY
461528,2,NC
213774,2,PA
213783,1,PA
490674,3,TX
451547,3,TX
470296,3,TX
446394,2,MD
239071,2,WI
130837,2,DE
192785,2,NY
411684,3,CA
475282,3,CA
239080,2,WI
151786,2,IN
495183,3,FL
105136,1,AZ
203845,2,OH
101648,1,AL
192800,2,NY
203881,1,OH
419226,1,FL
192819,2,NY
457642,3,MI
239105,2,WI
198899,2,NC
123943,2,CA
237525,1,WV
153922,1,IA
198905,1,NC
173452,2,MN
151810,2,IN
487977,3,WV
232672,2,VA
163815,3,MD
163295,2,MD
164085,2,MD
118541,2,CA
192864,2,NY
232706,2,VA
220710,2,TN
178059,2,MO
213826,2,PA
496061,3,OH
166647,1,MA
166674,1,MA
167288,1,MA
166683,2,MA
166692,1,MA
166805,3,MA
369002,2,MA
490470,3,TN
166823,1,MA
490267,3,TN
461333,3,HI
454698,3,CA
198914,1,NC
173957,2,MN
157331,1,KY
200226,1,ND
146977,2,IL
164270,2,MD
484039,3,FL
198923,1,NC
147004,1,IL
493549,3,TX
147013,2,IL
226578,1,TX
226587,2,TX
159717,1,LA
155511,2,KS
166656,2,MA
374592,1,NJ
439455,3,IL
147031,2,IL
490328,2,NY
488059,3,FL
192925,2,NY
455336,3,TX
456153,3,TX
476595,3,CA
488217,3,KY
493479,3,CA
479965,3,NJ
239169,2,WI
455831,3,FL
436650,3,LA
218335,1,SC
203942,1,OH
484066,3,KY
476993,3,UT
497310,3,NV
220792,2,TN
497204,3,TX
192970,2,NY
220871,2,TN
118684,1,CA
118693,2,CA
118718,1,CA
366632,1,PA
185509,1,NJ
237543,1,WV
140447,2,GA
193016,2,NY
153977,2,IA
203960,2,OH
419217,3,FL
366571,2,IA
213987,2,PA
480189,2,PA
198950,2,NC
237552,3,WV
244279,3,FL
175935,1,MS
461324,3,TN
365480,1,OK
491808,3,CA
427308,2,NY
166850,2,MA
118772,1,CA
135559,3,FL
494995,3,OH
105154,1,AZ
173993,1,MN
188261,1,NM
193061,2,NY
193052,2,NY
193070,2,NY
417752,2,TX
213996,2,PA
147129,2,IL
203997,2,OH
198969,2,NC
457952,3,PA
490489,2,MI
363165,1,OK
190114,2,NY
181303,1,NE
177995,1,MO
441575,2,NY
174020,1,MN
127565,1,CO
166869,2,MA
428000,3,FL
140827,3,GA
476355,3,NY
440819,3,CA
135717,1,FL
224776,3,TX
135647,1,FL
480851,3,FL
451103,3,FL
204006,1,OH
204015,1,OH
204024,1,OH
204158,1,OH
169655,3,MI
494728,3,TX
182953,3,NH
172422,1,MI
170611,3,MI
381370,3,MI
169220,2,MI
171100,1,MI
171128,1,MI
423412,3,TX
171155,1,MI
245953,2,OK
151962,2,IN
418320,1,OK
199458,2,NC
431017,1,OK
389860,1,OH
181312,1,NE
481225,2,TN
239220,1,WI
155520,2,KS
482158,1,GA
220996,2,TN
220978,1,TN
230959,2,VT
119058,2,CA
185536,1,NJ
166887,1,MA
129756,1,CT
487816,2,AL
226806,1,TX
181330,2,NE
218353,1,SC
193186,3,NY
157377,2,KY
493831,3,KS
383020,3,WI
439020,3,IL
178183,3,MO
458265,3,IL
437556,3,IL
482097,3,MO
469638,3,IL
475459,3,MS
178208,2,MO
457536,3,IL
226833,1,TX
143853,2,IL
423643,2,AZ
480985,2,UT
418481,1,PA
460534,3,TX
460516,3,CA
454555,3,NV
449904,3,TX
454546,3,CA
440855,3,TX
457077,3,CA
489760,3,CA
460525,3,ID
448895,3,CA
475325,3,NV
482060,3,CA
442657,3,CA
437778,3,TX
443669,3,NV
112288,3,CA
193201,3,NY
461014,3,NY
425986,3,MA
101675,2,AL
180373,1,MT
461883,3,FL
451264,3,MA
447379,3,OK
445258,3,OK
103963,3,AZ
460826,3,GA
213534,3,PA
441025,3,SC
443650,3,TN
496292,3,TN
458441,3,GA
460835,3,SC
491394,3,TX
458405,3,NC
460817,3,NC
475060,3,GA
456579,3,PA
438221,3,PA
367112,3,LA
428143,3,OK
245962,3,OK
456205,3,NC
456931,3,TX
228219,3,TX
460172,3,TX
198978,3,NC
214041,1,PA
486901,2,TN
147244,2,IL
118888,2,CA
175980,2,MS
239248,1,WI
449861,3,WI
239309,2,WI
239318,2,WI
483887,3,TN
178217,1,MO
368647,1,WV
484844,2,CA
486202,1,WV
174127,2,MN
174136,1,MN
174190,3,MN
175263,1,MN
428453,1,MN
173559,1,MN
174358,1,MN
173920,1,MN
173638,1,MN
200253,1,ND
118912,1,CA
193247,2,NY
214069,2,PA
211130,2,PA
488299,3,TX
118930,1,CA
176053,2,MS
247737,1,MS
176008,1,MS
176071,1,MS
455105,3,MS
176080,1,MS
176035,1,MS
176044,1,MS
178244,2,MO
178077,3,MO
440226,3,MO
178341,1,MO
179566,1,MO
179344,1,MO
178411,1,MO
178369,2,MO
178387,1,MO
129774,2,CT
198987,1,NC
175281,2,MN
219189,1,SD
413972,3,NC
199005,3,NC
476902,3,KS
493761,3,CA
485582,3,RI
178448,1,MO
490249,3,NJ
174321,3,MN
118958,3,CA
371928,3,CA
193265,3,NY
118976,1,CA
105206,1,AZ
193283,1,NY
118994,3,CA
204121,3,OH
250902,3,OH
193292,2,NY
147341,2,IL
185572,2,NJ
237561,1,WV
451459,1,NY
193308,3,NY
193326,1,NY
171225,1,MI
457749,3,MT
493655,3,TX
262165,2,MT
180461,1,MT
180179,1,MT
180522,1,MT
180416,1,MT
171234,1,MI
185590,1,NJ
193380,2,NY
119067,1,CA
127954,2,CO
163408,3,MD
163426,1,MD
199023,1,NC
214111,1,PA
199032,2,NC
166911,2,MA
433040,1,MA
147369,2,IL
444662,3,LA
214148,2,PA
248606,1,OK
119137,1,CA
239372,1,WI
147378,1,IL
214157,2,PA
483470,3,FL
157386,1,KY
140553,2,GA
140562,2,GA
460394,1,CA
127617,1,CO
163453,1,MD
237570,3,WV
154004,2,IA
218399,2,SC
365763,1,NJ
147396,2,IL
147411,1,IL
496478,3,MI
221096,1,TN
479062,3,RI
414124,3,MA
169275,1,MI
214166,2,PA
209241,2,OR
204176,2,OH
166939,2,MA
219198,2,SD
239390,2,WI
154013,2,IA
204200,2,OH
193353,2,NY
119173,2,CA
163462,2,MD
204194,2,OH
166957,1,MA
232788,1,VA
237598,3,WV
448275,3,WV
448248,1,UT
444954,1,WV
436100,3,ID
142416,3,ID
376631,3,TN
249061,3,IL
209250,1,OR
119164,1,CA
119216,1,CA
382258,1,CA
118198,3,CA
214175,2,PA
209287,2,OR
207236,1,OK
157401,1,KY
119270,3,CA
171304,1,MI
204264,2,OH
490337,3,CA
439747,3,CA
457606,3,LA
451228,3,IN
451477,3,OH
480037,3,NC
406486,3,UT
434432,3,NE
491589,2,TX
119331,1,CA
127653,2,CO
442611,3,NC
199087,1,NC
239424,2,WI
183141,1,NH
490115,3,TN
221184,1,TN
193478,1,NY
142489,3,ID
440749,3,SD
482325,3,TX
494269,3,GA
219204,3,SD
165635,3,MA
378956,3,FL
454847,3,CO
204334,3,OH
455868,3,CA
371964,3,CA
457767,3,NJ
131830,2,DC
119553,3,CA
496618,2,CO
148955,2,IL
147536,2,IL
461023,3,AZ
106980,1,AR
488280,3,FL
490018,3,FL
447759,3,CA
375106,3,NY
367334,3,NY
119605,2,CA
147590,2,IL
209296,2,OR
488110,3,TX
129729,1,CT
187596,1,NM
119678,1,CA
227146,1,TX
127714,2,CO
178518,2,MO
193584,2,NY
181765,1,NE
181419,1,NE
181297,2,NE
181446,2,NE
483513,3,TX
193609,2,NY
178527,3,MO
155566,1,KS
163532,2,MD
483258,3,IL
214272,2,PA
445692,3,UT
414939,3,NV
441900,1,NV
182519,1,NV
449685,3,NY
101277,3,AL
485591,3,AR
185758,2,NJ
214290,3,PA
262129,1,FL
437723,2,NJ
439774,3,FL
419280,3,MO
182980,2,NH
167093,2,MA
230977,3,VT
373678,3,MA
217305,2,RI
167215,2,MA
182999,3,NH
129932,3,CT
480903,3,CT
468963,3,MA
217323,3,RI
183035,3,NH
208725,2,OR
185129,1,NJ
185828,1,NJ
187897,1,NM
187967,1,NM
187903,1,NM
187912,1,NM
187994,1,NM
187620,1,NM
188021,1,NM
188030,1,NM
159948,2,LA
434469,3,FL
447582,1,WV
232867,1,VA
440396,2,ID
107442,3,AR
366368,2,NY
440262,3,NY
418126,2,NY
194073,2,NY
439783,2,NY
421841,3,NY
461148,3,CA
481243,3,NY
431071,3,NY
194091,2,NY
193821,2,NY
457800,3,NY
193830,2,NY
193858,3,NY
475404,3,NY
194116,2,NY
493798,2,NY
193894,2,NY
193900,2,NY
218414,2,SC
119845,3,CA
155335,2,KS
119775,3,CA
496803,2,DC
183099,1,NH
193946,1,NY
193973,2,NY
159966,1,LA
167260,2,MA
239442,1,WI
444787,3,UT
492421,3,NC
460464,1,CA
232937,1,VA
174428,1,MN
119951,3,CA
162371,3,MD
461795,2,TX
107460,1,AR
167297,2,MA
199102,1,NC
199157,1,NC
199193,1,NC
199209,2,NC
147660,2,IL
418889,3,TN
155593,1,KS
171395,1,MI
179715,1,MO
204422,1,OH
224110,1,TX
174437,2,MN
194028,1,NY
200305,1,ND
200332,1,ND
136145,1,FL
447892,3,FL
132675,1,FL
140678,1,GA
218441,2,SC
174376,1,MN
142443,1,ID
154059,1,IA
120023,1,CA
147679,2,IL
236072,1,WA
167312,1,MA
484367,3,CA
372028,3,CA
484376,3,CA
120069,3,CA
445364,3,CA
494746,3,CA
120087,3,CA
120078,3,CA
214379,1,PA
239460,1,WI
444130,2,CA
449719,3,OH
101897,1,AL
193751,2,NY
181491,1,NE
154110,1,IA
488730,1,TX
176169,1,MS
204477,1,OH
221908,1,TN
461962,3,ME
461087,1,OK
227225,1,TX
239488,1,WI
147776,1,IL
127732,1,CO
207290,1,OK
439817,2,NY
207263,1,OK
217837,1,SC
167358,2,MA
482705,2,MA
105330,1,AZ
147697,2,IL
418223,1,OH
167376,1,MA
147703,1,IL
204431,3,OH
157447,1,KY
161484,1,ME
171456,1,MI
188058,1,NM
207281,1,OK
494959,2,PA
219259,1,SD
490744,3,AR
418588,1,PA
230913,1,VT
232946,1,VA
461412,3,VA
240666,1,WY
239512,2,WI
174473,1,MN
105349,1,AZ
217606,2,MA
160667,1,LA
443030,2,IL
367459,1,AR
445948,3,NV
240657,1,WY
377546,3,WA
209083,3,OR
209205,3,OR
468246,3,OR
441168,3,OR
484950,3,OR
468255,3,OR
369686,3,TX
136233,1,FL
434362,2,WA
380377,1,WA
154129,1,IA
155618,1,KS
160010,1,LA
176178,1,MS
178624,1,MO
142461,2,ID
458140,2,WA
204440,1,OH
173115,1,MN
107488,1,AR
366623,1,OK
236133,2,WA
487603,2,WA
420398,1,TX
101736,1,AL
154101,2,IA
260992,3,IL
130040,1,CT
174507,2,MN
171483,1,MI
207306,1,OK
160038,1,LA
168573,3,MI
147767,2,IL
240198,1,WI
171492,2,MI
130004,1,CT
230995,2,VT
368452,3,TN
204468,2,OH
120184,2,CA
163578,2,MD
409032,3,FL
459426,3,MN
136215,2,FL
443207,2,CA
200086,1,ND
158884,1,LA
377272,3,TX
377281,3,TX
447980,3,MI
194161,2,NY
203614,1,OH
231004,3,VT
174525,2,MN
149763,2,IL
495059,2,CA
152099,2,IN
171535,1,MI
171571,1,MI
147800,1,IL
101912,2,AL
204501,2,OH
227289,2,TX
120254,2,CA
227298,3,TX
185873,1,NJ
431716,1,NJ
420431,1,GA
227304,1,TX
147819,3,IL
230490,1,UT
366465,1,GA
219277,1,SD
227313,3,TX
381404,3,TX
478591,3,TX
227322,3,TX
248703,3,TX
460978,3,TX
480125,3,TX
484604,3,TX
497073,3,TX
140696,2,GA
493646,2,NY
497161,3,OH
203739,3,OH
203720,3,OH
201964,2,OH
204617,2,OH
483647,2,OH
418269,3,OH
453756,3,OH
410797,3,OH
453792,3,OH
204635,2,OH
204714,3,OH
204723,3,OH
204778,3,OH
405012,3,OH
204662,1,OH
204671,1,OH
204796,1,OH
204680,1,OH
204699,1,OH
204705,1,OH
204608,3,OH
204820,1,OH
204802,1,OH
204848,1,OH
204857,1,OH
204839,1,OH
204866,1,OH
237640,2,WV
204909,2,OH
120290,1,CA
194189,2,NY
433068,1,FL
207403,2,OK
207324,2,OK
207449,1,OK
207458,2,OK
207351,1,OK
207315,1,OK
207564,1,OK
207388,1,OK
207397,1,OK
469629,2,OK
206835,2,OK
232982,1,VA
155353,3,KS
455859,3,ID
171599,2,MI
147828,2,IL
145707,1,IL
187505,3,NM
236188,1,WA
461120,2,TN
439844,3,LA
455026,3,MD
444796,3,GA
194222,1,NY
440730,1,NY
460455,3,NY
457846,3,NY
159601,3,LA
207582,2,OK
120342,1,CA
194240,1,NY
135735,1,FL
136303,1,FL
138372,1,FL
138488,1,FL
417992,1,NY
218487,1,SC
423652,1,OR
369659,2,OR
209490,1,OR
209506,1,OR
209542,1,OR
440828,1,OR
444635,3,OH
153427,3,IA
441593,1,NY
214528,2,PA
407434,3,NY
427991,1,FL
127778,1,CO
120403,2,CA
194259,1,NY
155636,2,KS
428259,2,WI
454582,2,KS
155627,2,KS
105367,2,AZ
464226,2,AZ
204936,2,OH
107512,2,AR
227331,2,TX
204945,1,OH
247940,1,KY
455798,3,CT
120421,1,CA
178679,2,MO
107549,1,AR
177472,1,MO
185970,3,NJ
443216,3,NJ
391005,3,MI
194310,2,NY
407610,2,OR
422695,3,CA
414595,3,NY
378576,3,CA
442842,3,IL
236230,2,WA
209603,2,OR
455406,2,WA
120768,2,CA
457484,2,HI
120795,2,CA
120838,2,CA
120865,2,CA
209612,2,OR
115746,3,CA
130110,3,CT
140720,2,GA
447731,3,CA
447722,3,CA
449490,3,FL
136330,2,FL
136358,1,FL
154174,2,IA
246354,1,TX
120698,2,CA
120953,1,CA
120971,1,CA
365125,3,CA
199263,1,NC
475413,3,WI
227386,1,TX
364016,1,AZ
204963,3,OH
121628,2,CA
227401,1,TX
186016,3,NJ
483896,3,FL
484190,3,LA
178721,2,MO
243823,2,TX
147916,1,IL
235158,3,WA
121044,1,CA
136400,1,FL
186034,1,NJ
160117,3,LA
434283,3,TX
495916,2,CA
451927,2,VA
233019,1,VA
233037,1,VA
107789,3,AR
475486,3,TX
454926,3,GA
451565,3,TX
454652,3,AL
260929,3,ID
143376,3,IL
467872,3,SC
458274,3,IL
455284,3,OH
488989,3,TX
456065,3,OH
459286,3,CO
467863,3,SC
456074,3,OH
442240,3,CA
224156,3,TX
459301,3,DE
482176,3,CO
459231,3,CA
454607,3,GA
484093,3,MI
199689,3,NC
495369,3,FL
475547,3,FL
459198,3,CA
444486,3,NC
172680,3,MI
446288,3,MI
483337,3,SC
461591,3,HI
249238,3,TX
417008,3,AL
461917,3,IN
136109,3,FL
481508,3,NJ
488749,3,MD
248660,3,TN
462008,3,NV
156426,3,KY
106908,3,AR
448220,3,UT
483328,3,IL
156842,3,KY
486983,3,WI
456029,3,TN
484109,3,IN
451121,3,FL
449977,3,MI
459578,3,WI
177685,3,MO
459170,3,CA
220491,3,TN
495794,3,TN
488998,3,ID
457545,3,IL
129349,3,CT
476294,3,UT
445212,3,FL
476984,3,KS
454768,3,CA
459116,3,AZ
183202,3,NH
475556,3,NC
219125,3,SD
476841,3,NV
495350,3,CA
454944,3,ID
443641,3,RI
234924,3,WA
495411,3,UT
231280,3,VA
455761,3,CA
230214,3,UT
451714,3,TX
449968,3,CA
495077,3,CA
494454,3,CA
484011,3,NY
449986,3,CA
462071,3,WA
455080,3,MO
461421,3,MO
421610,3,UT
449959,3,FL
457323,3,CA
485032,3,OH
486567,3,OK
457493,3,ID
449995,3,VA
408066,3,KS
480930,3,VA
227429,2,TX
194392,2,NY
204990,2,OH
443225,3,NJ
154208,3,IA
495378,3,IA
443979,3,MN
439871,3,CA
369783,3,TX
176239,1,MS
495244,3,TX
214883,2,PA
221643,1,TN
490735,3,TX
459514,3,TX
236258,1,WA
214892,3,PA
186052,3,NJ
214944,3,PA
214971,2,PA
215053,2,PA
442356,2,PA
366252,1,PA
215008,3,PA
414911,1,PA
214582,2,PA
214661,1,PA
460914,3,AZ
449533,3,FL
136473,1,FL
418199,1,OH
219842,2,TN
121150,2,CA
121178,1,CA
236212,2,WA
181534,1,NE
491534,3,FL
199306,2,NC
209667,3,OR
209676,3,OR
208859,3,OR
209153,3,OR
209694,3,OR
209700,3,OR
215123,2,PA
483823,2,PA
107600,2,AR
107619,1,AR
189282,2,NY
414966,2,OK
488396,3,IL
105428,1,AZ
447698,3,AZ
381459,2,AZ
488147,3,FL
407513,1,OH
128151,1,CO
199324,1,NC
218520,1,SC
140818,2,GA
233116,1,VA
235237,1,WA
443492,1,WV
409537,1,OH
261773,1,MO
127820,1,CO
440794,2,NJ
105525,1,AZ
105543,3,NM
442967,3,NM
461689,3,CO
434140,3,CA
442134,3,CO
404912,3,CO
489812,3,MT
456038,3,AZ
486813,3,TX
460136,3,TX
445230,3,NV
260691,3,AZ
486822,3,AZ
449074,3,WA
494588,3,TX
492449,3,CA
368629,3,WA
105534,3,AZ
167455,2,MA
174570,1,MN
136491,1,FL
137087,1,FL
160199,3,LA
177302,3,MO
408163,3,NC
407522,1,OH
364627,1,OK
418913,3,TX
444811,3,PA
199333,1,NC
155681,1,KS
216782,3,PA
215381,2,PA
215390,2,PA
215415,2,PA
215424,2,PA
121257,2,CA
373216,3,IL
156310,3,KY
150853,3,IN
156754,3,KY
152150,3,IN
490878,3,CA
260813,3,CO
260789,3,CA
432384,3,CA
480204,3,CA
121275,3,CA
194499,3,NY
183080,1,NH
493576,3,PA
121309,2,CA
215442,2,PA
138868,2,GA
390905,1,OH
136516,1,FL
491473,1,DE
456481,2,FL
456490,2,FL
190451,2,NY
121345,2,CA
372082,1,CA
245980,3,OK
494010,3,MO
205027,2,OH
131405,2,DC
455813,2,DC
206905,1,OK
167464,2,MA
178828,1,MO
171775,3,MI
364636,1,OH
130174,3,CT
129002,3,CT
121363,1,CA
457925,2,OR
209746,1,OR
209807,1,OR
130183,3,CT
237701,1,WV
492315,1,CA
148007,1,IL
227526,1,TX
155715,1,KS
194578,2,NY
430582,3,FL
446455,2,PA
493691,3,OK
488369,3,PA
495262,3,OR
416458,3,CA
493488,3,FL
218539,2,SC
490045,2,CA
105589,2,AZ
219295,2,SD
486433,2,CA
481368,3,FL
163657,1,MD
491853,3,CA
186122,2,NJ
186131,2,NJ
148016,2,IL
420130,3,NJ
417840,3,PA
430403,3,NJ
493628,3,NJ
139506,3,GA
486105,3,PA
107655,3,AR
495138,3,NY
437750,3,CA
121433,3,CA
205054,3,OH
148098,3,IL
457466,3,GA
487083,3,MI
461944,3,MI
455770,2,CA
217402,2,RI
380438,3,UT
496283,3,ID
127884,1,CO
151102,1,IN
489779,1,IN
490805,1,IN
243780,1,IN
461713,3,AZ
419420,1,WV
376677,3,TN
199412,2,NC
439507,3,TX
167525,1,MA
148131,2,IL
130217,1,CT
130226,2,CT
167534,1,MA
384421,2,NJ
194657,2,NY
194693,2,NY
194666,2,NY
186186,2,NJ
194736,2,NY
405854,2,NY
484871,2,NY
205124,2,OH
194718,2,NJ
194763,2,NY
136659,1,FL
233277,1,VA
174604,1,MN
237491,1,WV
186201,1,NJ
438665,1,CA
207157,2,OK
233301,2,VA
199421,1,NC
486406,1,WV
233295,2,VA
227687,1,TX
178891,2,MO
363147,3,OH
407568,3,OH
363882,3,OH
205142,3,OH
233310,1,VA
186645,1,NJ
138309,3,FL
448673,3,IL
480657,3,KS
175014,3,MN
200013,3,ND
450571,3,WI
152275,3,IN
490531,3,LA
215585,1,PA
215594,2,PA
215619,2,PA
491844,1,MN
250993,1,OK
127909,1,CO
207069,1,OK
114637,3,CA
209922,2,OR
117052,1,CA
475653,3,IL
490230,2,GA
105659,3,AZ
490197,3,CA
231651,2,VA
488183,3,KY
487889,2,AZ
167598,2,MA
127918,2,CO
101994,1,AL
140872,2,GA
492209,2,CA
475033,2,NY
440271,2,LA
375416,2,OH
223463,2,TX
377111,2,TX
451857,2,TX
497000,2,TN
160524,2,LA
438869,2,AR
412599,2,TN
366535,2,AL
445249,2,TN
445203,2,TX
451866,2,LA
458104,3,UT
148256,1,IL
129428,2,CT
194824,2,NY
236382,1,WA
178989,3,MO
491701,3,ID
217420,1,RI
217493,2,RI
221351,2,TN
484127,3,CT
227757,2,TX
233338,1,VA
148292,1,IL
199449,1,NC
441104,2,TN
242413,3,LA
186283,2,NJ
136765,1,FL
175236,1,MN
496663,3,CA
136774,2,FL
476726,3,TX
121886,1,CA
105668,1,AZ
239628,2,WI
436304,1,LA
183114,1,NH
485704,3,AR
173063,1,MN
137713,1,FL
121901,1,CA
233408,2,VA
481191,1,CA
419235,3,GA
183211,2,NH
185466,3,NJ
221397,1,TN
364575,1,WV
233426,2,VA
199467,1,NC
165750,3,MA
167039,3,MA
168032,3,MA
373696,3,MA
186274,3,FL
383279,3,NJ
185767,3,NJ
136826,1,FL
215655,2,PA
163754,3,MD
105677,3,AZ
194958,2,NY
199476,1,NC
174738,1,MN
195003,2,NY
170967,2,MI
148380,1,IL
195049,2,NY
148405,2,IL
179043,2,MO
199485,1,NC
195058,1,NY
418083,1,NY
180595,2,MT
127945,3,CO
475495,3,UT
480790,3,CO
217518,2,RI
409616,2,RI
152309,3,IN
207661,1,OK
209940,1,OR
179052,1,MO
136950,2,FL
148487,2,IL
145558,2,IL
207670,1,OK
152318,2,IN
439899,2,OH
215682,2,PA
369446,3,IL
445735,2,NV
121992,3,CA
215691,2,PA
490832,3,OH
373085,3,IA
490841,3,MI
421513,3,KY
452081,3,OH
490814,3,MI
261685,3,MI
456515,3,MI
480550,3,KY
261676,3,MI
460127,3,MI
481906,3,WV
203234,3,OH
460093,3,MI
480523,3,OH
488952,3,OH
481890,3,KY
484349,3,IN
172015,3,MI
456506,3,IN
460109,3,IN
486707,3,AL
484358,3,TN
365833,3,MI
486716,3,TN
481863,3,IN
488961,3,IN
171988,3,MI
488970,3,MI
476230,3,WV
486752,3,IN
452072,3,MI
460118,3,OH
480532,3,OH
484330,3,KY
363013,3,MI
365824,3,MI
247409,3,MI
367158,3,MI
171997,3,MI
183877,1,NJ
184791,1,NJ
184205,1,NJ
184782,1,NJ
199494,1,NC
213932,3,PA
167631,1,MA
495396,3,NY
495165,3,NY
496052,3,FL
437857,3,IN
441876,3,VA
148511,2,IL
195128,2,NY
176318,2,MS
186371,1,NJ
186380,1,NJ
186399,1,NJ
449506,2,FL
122180,1,CA
490160,3,CA
172033,2,MI
239637,2,WI
130253,2,CT
122205,1,CA
447458,3,CA
476948,3,GA
485139,3,IL
476966,3,FL
446525,3,TN
459462,3,NY
459499,3,OR
441070,1,MI
172051,1,MI
154235,2,IA
183239,2,NH
149028,2,IL
199582,2,NC
216047,2,PA
174783,1,MN
227845,2,TX
195702,2,NY
152497,2,IN
186618,2,NJ
148575,2,IL
186423,2,NJ
215743,2,PA
195720,2,NY
167677,2,MA
137281,1,FL
174792,2,MN
160409,2,LA
161518,2,ME
215770,2,PA
137032,2,FL
179256,2,MO
179308,1,MO
179159,2,MO
236452,2,WA
152390,2,IN
123554,2,CA
174817,2,MN
152381,2,IN
152451,2,IN
486424,3,DC
231059,2,VT
239716,2,WI
175041,1,MN
179317,2,KS
186432,2,NJ
215798,2,PA
136701,2,FL
215813,2,PA
195580,2,NY
148627,2,IL
199607,2,NC
179195,3,MO
186469,1,NJ
167729,1,MA
237783,3,WV
155830,1,KS
417646,1,MO
163851,1,MD
180647,1,MT
459532,3,TX
485874,3,TX
476629,3,OH
491835,3,TX
497222,3,FL
121868,3,CA
456588,3,CA
456597,3,CA
115357,3,CA
121859,3,CA
492953,3,CA
230746,1,UT
214564,2,PA
217536,2,RI
227881,1,TX
195289,2,NY
102049,2,AL
199625,1,NC
122296,2,CA
227924,1,TX
491543,3,CA
428426,1,CA
123527,1,CA
112084,2,CA
122339,1,CA
122320,1,CA
493512,3,CA
122375,1,CA
122384,1,CA
122409,1,CA
122454,2,CA
120166,2,CA
122506,2,CA
486372,3,CA
454777,3,CA
122597,1,CA
486239,3,FL
227979,1,TX
122649,2,CA
122658,1,CA
495943,3,CA
122694,3,CA
448381,3,CA
495934,3,CA
262457,3,CA
422020,3,CA
468291,3,CA
456852,3,CA
481775,3,CA
495925,3,CA
447351,3,CA
442444,3,CA
495998,3,CA
448372,3,CA
495952,3,CA
495961,3,CA
475176,3,CA
122685,3,CA
122746,1,CA
122755,1,CA
122737,1,CA
188100,1,NM
122782,1,CA
199634,1,NC
486442,3,TN
383330,1,OH
481535,2,CA
219392,2,SD
493895,3,MD
461500,3,CA
481128,3,CA
121619,1,CA
122834,3,CA
122852,3,CA
122889,1,CA
122931,2,CA
137096,1,FL
188137,1,NM
122977,1,CA
123013,1,CA
399212,1,CA
195304,2,NY
406149,3,FL
148672,1,IL
140951,2,GA
140960,1,GA
140942,1,GA
123095,2,CA
195322,1,NY
404338,3,FL
131061,3,DE
377218,3,TX
480727,2,MI
392354,2,NY
143048,2,IL
197151,3,NY
172200,1,MI
228042,2,TX
406325,1,NY
215886,1,PA
407577,1,OH
105747,1,AZ
123165,2,CA
107831,3,AR
236513,1,WA
488448,3,WA
439914,2,WA
236577,2,WA
236595,2,WA
369695,3,TX
246406,3,TX
368540,3,TX
228088,3,TX
102058,2,AL
386153,2,NY
491817,2,NJ
207740,1,OK
137209,1,FL
232885,2,VA
475839,3,AZ
186584,2,NJ
215947,2,PA
483939,3,LA
155858,1,KS
195438,2,NY
215983,3,PA
481331,3,NY
391759,3,MI
123280,2,CA
123299,1,CA
121637,3,CA
199643,2,NC
439932,3,OK
148821,1,IL
205443,1,OH
412535,1,MA
412544,3,NY
451167,3,FL
480842,3,FL
493789,3,TN
496760,3,MI
102067,1,AL
233541,2,VA
237792,1,WV
481137,2,WI
461485,2,NC
137245,1,FL
218751,2,SC
480499,2,CA
216010,1,PA
186593,3,NJ
236610,1,WA
107840,2,AR
140988,2,GA
195474,2,NY
172264,2,MI
496733,3,NV
123341,1,CA
123350,3,CA
182458,2,NV
165060,2,MA
461759,2,KY
167783,2,MA
154350,2,IA
123457,2,CA
205470,1,OH
219374,1,SD
219240,2,SD
219408,1,SD
231068,2,VT
200466,1,ND
236638,1,WA
195526,2,NY
460932,3,MO
455381,3,UT
444857,3,UT
123509,1,CA
216038,1,PA
167835,2,MA
102076,1,AL
230597,1,UT
110778,3,CA
399911,2,CA
123563,1,CA
445957,3,IL
157711,1,KY
457943,1,PA
123572,1,CA
488077,3,AZ
481094,3,NY
107974,1,AR
123633,2,CA
218733,1,SC
417637,1,MO
173911,1,MN
123642,3,CA
220552,3,TN
488891,1,FL
219347,1,SD
219356,1,SD
493637,3,KY
366003,2,FL
443252,3,FL
137315,1,FL
482699,1,GA
141006,1,GA
216074,3,PA
216083,3,PA
434061,1,LA
105792,1,AZ
432144,1,CA
197850,1,NC
228158,1,TX
236656,1,WA
236504,1,WA
149365,1,IL
228185,3,TX
409315,1,TX
228194,2,TX
455974,3,TX
456922,3,TX
228200,3,TX
480073,3,TX
251312,3,SC
481720,3,NC
101116,3,AL
459259,3,VA
139579,3,GA
475121,3,GA
449898,3,FL
459268,3,VA
133465,3,FL
156338,1,KY
107637,1,AR
181640,1,NE
157739,1,KY
417734,2,MO
179557,1,MO
188003,1,NM
219426,1,SD
449807,3,TX
176336,2,MS
199759,2,NC
443261,3,SC
451352,3,NC
444866,3,SC
428170,3,FL
199722,1,NC
154378,1,IA
491923,3,SC
233602,2,NC
148937,1,IL
160612,1,LA
207847,1,OK
368911,1,GA
167871,1,MA
137564,2,FL
221661,2,TN
107983,1,AR
107992,1,AR
461856,3,CA
123952,2,CA
399869,3,CA
117575,2,CA
117672,2,CA
226903,3,TX
459967,3,TX
405076,3,TX
459985,3,TX
408385,3,TX
482015,3,TX
430245,3,TX
493992,3,TX
221670,2,TN
130493,1,CT
139986,1,GA
149222,1,IL
149231,1,IL
149240,1,IL
161545,1,ME
228246,2,TX
206862,2,OK
183026,2,NH
365198,1,OK
210146,1,OR
487162,1,GA
207786,3,OK
205966,1,OH
490063,3,CA
366553,3,FL
446552,3,FL
481322,3,TX
251260,1,AL
160621,1,LA
160630,1,LA
160649,1,LA
440916,1,LA
160533,1,LA
230603,1,UT
233611,2,VA
217776,2,SC
237817,1,WV
193122,1,NY
457624,1,MA
233082,2,VA
233639,1,VA
436261,3,CO
366605,3,NM
179326,2,MO
420246,2,AZ
382911,1,TX
442879,3,AZ
175078,1,MN
176354,1,MS
228282,3,TX
449816,1,UT
368364,1,OK
221485,1,TN
228316,1,TX
451556,3,TX
402776,3,NM
104188,2,AZ
233648,1,VA
239910,1,WI
228468,2,TX
228325,2,TX
494603,2,TX
228486,2,TX
207856,2,OK
123800,1,CA
155900,2,KS
188207,2,NM
199731,1,NC
154396,1,IA
143215,1,IL
188216,1,NM
123970,2,CA
172307,1,MI
207865,1,OK
210155,1,OR
228343,2,TX
232724,3,VA
160579,1,LA
445638,3,MA
445656,3,MA
445647,3,MA
161527,3,ME
157757,2,KY
413680,3,CA
489371,3,CA
207254,3,OK
126605,3,CO
218830,1,SC
218821,2,SC
172325,3,MI
141060,2,GA
148982,2,IL
236692,1,WA
236708,1,WA
148991,1,IL
172334,2,MI
102234,2,AL
167899,2,MA
475273,2,MA
167905,1,MA
496654,3,CA
195155,2,NY
195164,2,NY
175005,2,MN
262031,1,MO
172291,1,MI
174756,1,MN
186405,2,NJ
183248,2,NH
195216,2,NY
442426,3,MO
179511,3,MO
154262,2,IA
216162,2,PA
174844,2,MN
189811,3,NY
195784,3,NY
137078,1,FL
227854,1,TX
199698,2,NC
148876,2,IL
195173,2,NY
137272,2,FL
163976,2,MD
245652,2,NM
148593,2,IL
195809,2,NY
195191,2,NY
195544,2,NY
495226,2,MO
163912,1,MD
228149,2,TX
192961,2,NY
195243,2,NY
137476,2,FL
491792,3,CO
407151,3,LA
446561,3,CA
483814,3,VA
243744,2,CA
199740,1,NC
205841,1,OH
123916,2,CA
462053,3,IL
123925,1,CA
239877,3,WI
135391,1,FL
179539,1,MO
177977,1,MO
196176,1,NY
233666,3,VA
448600,3,OH
205887,3,OH
494852,3,IL
444529,3,CA
228431,1,TX
179548,2,MO
155937,2,KS
231095,2,VT
137546,2,FL
146807,3,IL
186867,2,NJ
230621,2,UT
438151,2,UT
460899,2,ID
178767,3,MO
164173,2,MD
160597,3,LA
219453,3,SD
102270,2,AL
186876,1,NJ
448619,3,CT
413778,3,CT
130509,3,CT
366340,1,MT
167996,2,MA
196097,1,NY
434496,3,SC
491066,3,TX
417275,1,CT
438498,3,VA
450377,3,AL
458885,3,AR
450298,3,DE
131803,3,DC
449038,3,FL
458919,3,GA
459994,3,DC
430184,3,MD
458955,3,MS
453215,3,NJ
453163,3,NC
443784,3,PA
458964,3,SC
443766,3,TN
458973,3,TX
233684,3,VA
456621,3,WV
455725,3,AZ
485476,3,WA
485856,2,PA
430564,3,NY
236744,3,WA
366395,1,NY
168005,2,MA
228501,1,TX
195988,1,NY
157793,3,KY
447953,2,CA
175120,2,MN
181543,2,NE
400080,3,CA
459550,3,WA
457420,3,FL
457572,3,IN
177603,3,MO
457439,3,FL
462017,3,IN
156967,3,KY
457916,3,OH
209719,3,OR
208512,3,OR
218867,3,SC
137120,1,FL
491783,1,FL
362700,2,FL
372718,2,FL
188438,1,NY
196060,1,NY
196158,1,NY
196219,1,NY
196121,1,NY
189547,1,NY
196130,1,NY
196167,1,NY
196237,1,NY
196194,1,NY
196246,1,NY
196200,1,NY
196033,1,NY
196103,1,NY
196228,1,NY
196006,1,NY
196015,1,NY
196024,1,NY
190442,1,NY
196149,1,NY
196255,1,NY
196264,1,NY
196291,1,NY
196051,1,NY
196185,1,NY
196112,1,NY
197294,1,NY
195827,1,NY
199768,1,NC
441672,1,PA
216278,2,PA
247603,1,NJ
446093,3,CA
216287,2,PA
196389,3,NY
233718,2,VA
233286,3,VA
196413,2,NY
155973,2,KS
236753,1,WA
124113,1,CA
454689,3,CO
102298,2,AL
137759,1,FL
137777,2,FL
186900,2,NJ
196440,2,NY
451404,2,NY
196431,2,NY
216311,2,PA
228529,1,TX
228547,1,TX
495341,3,MI
484394,3,UT
461494,3,UT
461926,3,UT
149310,3,IL
449524,3,FL
151564,3,IN
152530,2,IN
261719,3,MI
249566,3,OH
196468,2,NY
488800,1,CA
217712,1,SC
126915,1,CO
444893,3,DC
149329,2,IL
228608,1,TX
216339,1,PA
457448,3,FL
409379,1,TN
248925,1,TN
219596,1,TN
219921,1,TN
221591,1,TN
221430,1,TN
219994,1,TN
220127,1,TN
220251,1,TN
220279,1,TN
220321,1,TN
220394,1,TN
221616,1,TN
221625,1,TN
220640,1,TN
220756,1,TN
221607,1,TN
220853,1,TN
221050,1,TN
221102,1,TN
221236,1,TN
221582,1,TN
221281,1,TN
221333,1,TN
221388,1,TN
221494,1,TN
221634,1,TN
221829,3,TN
221838,1,TN
221847,1,TN
221731,2,TN
206011,1,OH
228699,1,TX
226152,1,TX
228723,1,TX
224554,1,TX
224147,1,TX
228705,1,TX
228732,1,TX
483036,1,TX
459949,1,TX
224545,1,TX
440989,3,TX
458061,3,TX
228866,2,TX
228875,2,TX
228884,2,TX
377315,3,TX
487232,3,TX
419633,3,TX
441487,2,MO
430704,3,TX
448196,3,TX
494694,3,TX
228981,2,TX
229063,1,TX
227377,1,TX
487320,1,TX
228459,1,TX
229115,1,TX
229337,1,TX
492689,1,TX
439154,1,TX
229160,2,TX
229179,1,TX
488129,3,IN
216296,1,PA
368832,3,CA
210711,3,PA
496539,3,MI
438674,3,MS
188669,2,NY
138813,3,GA
451820,3,TX
222938,3,TX
458982,3,TX
458496,3,VA
132408,2,FL
476708,3,UT
216223,3,PA
444404,3,FL
210784,3,PA
131283,2,DC
455433,2,CA
143978,2,IL
455664,2,CA
491190,2,CA
459745,2,DC
487153,2,LA
201821,2,OH
481526,3,VA
437635,3,TX
480824,3,TX
480833,3,TX
489283,3,TX
392257,3,TX
449250,3,TX
492722,3,TX
447591,3,TX
142294,2,ID
187134,1,NJ
195234,2,NY
174899,2,MN
133960,1,FL
197285,3,NY
206589,2,OH
492087,2,FL
430485,3,NE
141015,3,GA
491251,3,TX
490443,3,VA
235167,1,WA
483230,3,CA
191320,2,NY
452009,3,ND
220163,3,TN
482972,3,TX
450650,3,WI
191287,3,NY
192110,2,NY
454184,2,NY
439701,2,TX
161208,2,ME
117751,2,CA
171012,2,MI
205391,3,OH
167057,2,MA
193654,2,NY
193672,3,NY
206394,3,OH
495767,1,PA
495305,3,TX
238810,3,WI
497189,3,PA
485953,3,TX
219037,3,SD
462345,3,IL
215530,3,PA
454537,3,WI
451307,3,MI
154545,3,IA
459295,3,CO
492360,3,FL
459392,3,IN
448026,3,ND
459347,3,FL
491996,3,TX
126164,3,CO
480976,3,AL
461908,3,WI
458098,3,TX
385132,3,FL
247047,3,ID
481340,3,TN
460987,3,AR
458168,3,WI
484206,3,CA
460996,3,MO
457837,3,NY
494232,3,DC
475228,2,CA
125037,2,CA
104665,2,AZ
441131,2,WA
157748,2,KY
204769,3,OH
487676,3,MD
455901,3,MD
454962,3,IL
100751,1,AL
475237,2,CA
202763,2,OH
180489,1,MT
180692,1,MT
137847,2,FL
487010,1,TN
220701,2,TN
492263,1,TN
221740,1,TN
221759,1,TN
221768,1,TN
228769,1,TX
228778,1,TX
228787,1,TX
228796,1,TX
229027,1,TX
228802,1,TX
229300,1,TX
228644,1,TX
416801,1,TX
228653,1,TX
229018,1,TX
227368,1,TX
229090,1,TX
215105,2,PA
221519,2,TN
138354,1,FL
485360,2,TX
126012,2,CA
486123,3,CA
216348,2,PA
216357,2,PA
124292,2,CA
161563,2,ME
187046,1,NJ
126049,2,CA
216366,2,PA
183275,2,NH
157809,2,KY
141167,2,GA
179645,1,MO
129808,1,CT
233772,1,VA
232919,3,VA
206039,3,OH
206048,2,OH
457332,3,CT
443289,3,CO
420723,1,OR
227058,3,TX
484826,3,WA
418968,3,TX
141185,2,GA
442781,1,AZ
375540,3,OH
204459,1,OH
137865,1,FL
476568,3,VA
196565,1,NY
457776,3,NM
413945,3,GA
455965,3,RI
492397,3,ID
436775,3,TX
493372,3,NM
235352,3,WA
434344,3,MA
494719,3,TX
475723,1,UT
481100,3,UT
487807,3,SC
196583,2,NY
495235,3,FL
455187,3,NJ
483735,3,TX
488828,3,OK
176406,2,MS
196592,2,NY
459736,2,CA
459824,2,NV
459727,2,CA
164076,1,MD
445054,2,IL
491774,3,NY
157818,2,KY
135522,1,FL
245281,3,MS
486150,1,FL
210234,1,OR
443298,3,TX
450711,3,TX
451316,3,MO
447865,3,FL
482167,3,IL
221892,2,TN
459408,1,MA
484233,1,CA
206172,1,OH
149499,3,IL
199795,1,NC
218885,1,SC
206181,1,OH
487913,3,KY
206154,2,OH
402800,3,TX
441229,3,CA
448859,3,PA
216454,3,PA
216445,3,PA
216436,3,PA
443377,3,PA
496265,3,PA
144573,3,IL
367088,3,IN
455895,3,IL
470393,3,IL
454971,3,IL
487533,3,IL
454980,3,IL
150303,3,IN
414869,3,IN
491224,3,WI
151607,3,IN
455886,3,IL
495730,3,IL
454999,3,IL
455008,3,IL
218894,1,SC
152567,2,IN
414878,2,IN
128258,1,CO
137953,2,FL
200484,2,ND
149505,2,IL
130590,2,CT
137962,2,FL
146755,2,IL
216463,2,PA
204893,2,OH
135610,2,FL
149514,2,IL
123448,2,CA
229267,2,TX
225308,1,TX
131876,2,DC
149532,1,IL
196653,2,NY
102368,1,AL
182500,1,NV
141237,2,GA
178615,1,MO
407595,1,OH
493910,3,CO
447704,3,AZ
168148,2,MA
160755,2,LA
207935,1,OK
488934,1,OK
486798,3,TX
476063,3,FL
442329,3,FL
207962,3,OK
130606,1,CT
496593,2,CO
444936,3,AZ
200527,2,ND
221953,2,TN
102377,2,AL
172495,3,MI
229355,1,TX
488837,3,MI
377193,3,TX
407683,3,TX
475662,3,TX
229425,3,TX
246415,3,TX
482291,3,CA
397942,3,CA
393649,3,CA
470038,3,CA
494357,3,CA
496919,3,NV
230676,1,UT
481182,1,CA
418056,1,NY
196699,1,NY
441371,2,FL
481252,3,FL
210270,1,OR
246789,2,NY
491525,2,IN
196866,2,NY
181738,2,NE
157863,2,KY
187198,1,NJ
417831,1,NJ
206279,2,OH
233842,2,VA
196884,2,NY
221971,2,TN
469911,3,LA
491084,3,LA
448646,3,LA
444945,3,LA
469920,3,LA
487047,3,LA
447467,3,LA
461810,3,CO
496511,3,CO
487481,3,AZ
447607,3,CA
384245,3,CA
468909,3,CA
124681,3,CA
413893,3,GA
384236,3,CA
480471,3,CA
496955,3,AZ
468848,3,CA
447616,3,CA
486354,3,FL
213631,2,PA
128328,1,CO
130624,1,CT
197027,1,NY
197036,1,NY
164155,1,MD
102395,2,AL
447050,3,CA
197018,2,NY
419031,1,WV
206288,2,OH
175139,2,MN
200554,2,ND
479424,3,CA
476799,3,CA
459204,3,CA
161572,2,ME
153542,2,IA
446589,3,FL
372240,3,CA
446598,3,NE
485573,3,CA
459374,3,IL
106041,3,AZ
105215,3,AZ
438504,3,CA
366191,3,IL
448433,3,CA
445799,3,PA
229416,3,TX
369400,3,FL
493132,3,NJ
460543,3,TX
487597,3,CA
497286,3,TX
481429,3,NJ
476805,3,AL
196088,1,NY
363934,3,AZ
454953,3,IL
200800,1,OH
200846,1,OH
100663,1,AL
100706,1,AL
100733,1,AL
102553,1,AK
102614,1,AK
102632,1,AK
103529,1,AK
442930,3,CA
104179,1,AZ
487296,1,AZ
106397,1,AR
106245,1,AR
106485,1,AR
106412,1,AR
107743,1,AR
106999,1,AR
107585,1,AR
106263,1,AR
107725,1,AR
493725,1,AR
108056,1,AR
108092,1,AR
107664,1,AR
161873,1,MD
128744,2,CT
110635,1,CA
110644,1,CA
110398,1,CA
110653,1,CA
110662,1,CA
445188,1,CA
110671,1,CA
110680,1,CA
110699,1,CA
110705,1,CA
110714,1,CA
124557,1,CA
106704,1,AR
132903,1,FL
176965,1,MO
206941,1,OK
237312,2,WV
144050,2,IL
201955,1,OH
201946,1,OH
201885,1,OH
126614,1,CO
126580,1,CO
126562,1,CO
128300,1,CO
129020,1,CT
436827,1,CT
463056,1,CT
436836,1,CT
436818,1,CT
224323,2,TX
202480,2,OH
130943,1,DE
127060,2,CO
169716,2,MI
153278,2,IA
447801,3,CA
150534,2,IN
134130,1,FL
484473,1,FL
457402,2,FL
139959,1,GA
129525,2,CT
141565,1,HI
141574,1,HI
141839,1,HI
141963,1,HI
141981,1,HI
179265,2,MO
160065,2,LA
225511,1,TX
225414,1,TX
225432,1,TX
229407,1,TX
225502,1,TX
142285,1,ID
145600,1,IL
148654,1,IL
149587,1,IL
145637,1,IL
151263,2,IN
153658,1,IA
200156,2,ND
155317,1,KS
157085,1,KY
117140,2,CA
160658,1,LA
159993,1,LA
247083,1,LA
157289,1,KY
232609,2,VA
161253,1,ME
161217,1,ME
161226,1,ME
161235,1,ME
161244,1,ME
161341,1,ME
161280,1,ME
437097,3,VA
200217,2,ND
226471,2,TX
232681,1,VA
163338,1,MD
163204,1,MD
163259,1,MD
163268,1,MD
163286,1,MD
262086,2,CA
166708,1,MA
166629,1,MA
166638,1,MA
166665,1,MA
167987,1,MA
166513,1,MA
220862,1,TN
135726,2,FL
170976,1,MI
171137,1,MI
171146,1,MI
174075,1,MN
174233,1,MN
174251,1,MN
456959,1,MN
174066,1,MN
176017,1,MS
178396,1,MO
178402,1,MO
178420,1,MO
178439,1,MO
101693,2,AL
101709,1,AL
199069,2,NC
204185,2,OH
181215,1,NE
181394,1,NE
181428,1,NE
181747,1,NE
181464,1,NE
182281,1,NV
182290,1,NV
161457,2,ME
183071,1,NH
182829,1,NH
183044,1,NH
129941,2,CT
187958,1,NM
187976,1,NM
187985,1,NM
188225,1,NM
188049,1,NM
159939,1,LA
101879,1,AL
199111,1,NC
199120,1,NC
199139,1,NC
199148,1,NC
199281,1,NC
199184,1,NC
199175,1,NC
199218,1,NC
200280,1,ND
136172,1,FL
482680,1,GA
227216,1,TX
484905,1,TX
228909,1,TX
443711,1,TX
127741,1,CO
154095,1,IA
204486,2,OH
174491,2,MN
152080,2,IN
207342,1,OK
207500,1,OK
209551,1,OR
215062,2,PA
484613,3,AZ
484631,3,CA
484668,3,FL
484677,3,GA
420042,3,HI
442161,3,IL
484710,3,NV
445300,3,NJ
484756,3,TX
380465,3,UT
157535,2,KY
215266,1,PA
215275,1,PA
215284,1,PA
215293,1,PA
215309,1,PA
209825,2,OR
180258,2,MT
236328,2,WA
121691,2,CA
217484,1,RI
233374,2,VA
205203,2,OH
195030,2,NY
152336,2,IN
130314,2,CT
488785,2,CA
155812,2,KS
148885,2,IL
122436,2,CA
122612,2,CA
207722,1,OK
215929,2,PA
112394,3,CA
219383,2,SD
102094,1,AL
218645,1,SC
218654,1,SC
218663,1,SC
218672,1,SC
218681,1,SC
218690,1,SC
218706,1,SC
218742,1,SC
219471,1,SD
137351,1,FL
123961,2,CA
151306,1,IN
161554,1,ME
176372,1,MS
149550,3,IL
148584,2,IL
174914,2,MN
227863,2,TX
367954,3,CA
485537,1,TX
228635,1,TX
156541,2,KY
131399,1,DC
363721,1,DC
225627,2,TX
107558,2,AR
120883,2,CA
488846,2,CA
442639,3,VA
384412,3,DC
215132,2,PA
188182,2,NM
449870,2,CA
206084,1,OH
207971,2,OK
230764,1,UT
216542,2,PA
231174,1,VT
233897,1,VA
234076,1,VA
377555,1,WA
236948,1,WA
377564,1,WA
101587,1,AL
141334,1,GA
484862,3,CA
210438,2,OR
240268,1,WI
240277,1,WI
240329,1,WI
240444,1,WI
240453,1,WI
491288,1,WI
240365,1,WI
240374,1,WI
491297,1,WI
240462,1,WI
240471,1,WI
240480,1,WI
240417,1,WI
240426,1,WI
240435,1,WI
240189,1,WI
240727,1,WY
164146,1,MD
404480,1,MD
183327,1,NH
491233,3,MS
213163,2,PA
431600,2,PA
215974,2,PA
213622,2,PA
373711,1,MA
154493,2,IA
206321,1,OH
440004,2,NH
196307,1,NY
491747,3,FL
491756,3,CA
429128,2,MA
494685,2,MO
455099,2,MO
216524,2,PA
206349,2,OH
446604,2,NY
230728,1,UT
230737,1,UT
197045,2,NY
141264,1,GA
138187,1,FL
200572,1,ND
449445,3,CA
377652,3,WV
494250,3,OH
377661,3,WV
216551,2,PA
443322,2,TX
486257,2,OH
152600,2,IN
199838,1,NC
221999,2,TN
149639,2,IL
456825,3,LA
468893,3,LA
123651,2,CA
421717,1,OH
418278,1,OH
197133,2,NY
176433,3,MS
188340,2,NY
417910,1,NY
108065,3,AR
418524,1,PA
417123,1,CA
125028,1,CA
125019,1,CA
216579,3,PA
482228,2,IN
175157,1,MN
455992,2,VT
231147,2,VT
231156,1,VT
231165,1,VT
229504,1,TX
481085,3,IL
213914,3,PA
223472,3,TX
485962,3,LA
483744,3,TN
238175,3,WI
125091,1,CA
229522,3,TX
229540,1,TX
451626,3,WA
491899,3,CA
197142,2,NY
216597,2,PA
152628,3,IN
152637,1,IN
377485,1,VA
449834,2,VA
234030,1,VA
233903,1,VA
234085,1,VA
233754,1,VA
233921,1,VA
234155,1,VA
234164,2,VA
490106,2,VA
234137,2,VA
234173,2,VA
233949,1,VA
449764,2,TN
492324,1,CA
365204,3,TX
377342,3,TX
240107,2,WI
476559,3,TX
229656,3,TX
476540,3,TX
188289,3,NM
491871,3,TX
222053,1,TN
218919,2,SC
493770,2,SC
446613,2,SC
152673,2,IN
403487,1,IL
226879,3,TX
492591,3,TX
476896,3,TX
487065,3,TX
197197,2,NY
199847,2,NC
199856,1,NC
125231,3,MN
154518,3,IA
236887,1,WA
236896,2,WA
215637,3,PA
172608,2,MI
206437,2,OH
222062,1,TN
210304,2,OR
480198,2,OR
138275,2,FL
407832,1,OH
245625,1,NJ
199865,2,NC
417655,1,MO
154527,2,IA
154536,2,IA
155423,1,KS
156082,1,KS
216667,2,PA
162210,2,MD
234207,2,VA
457192,3,AR
164216,2,MD
418250,1,OH
161581,1,ME
216630,2,PA
418029,1,NY
206446,1,OH
236939,1,WA
179867,2,MO
172617,1,MI
199883,2,NC
149727,1,IL
240125,1,WI
486594,2,VA
229780,2,TX
199892,1,NC
172635,1,MI
433138,1,OH
418001,1,NY
181783,1,NE
172644,1,MI
125310,3,CA
216694,2,PA
365505,1,MO
229799,1,TX
197221,2,NY
495208,3,GA
138293,2,FL
230782,1,UT
179894,2,MO
190424,2,NY
220206,2,TN
216746,3,PA
168218,2,MA
197230,2,NY
447999,3,MO
470047,3,KS
493451,3,MO
494898,3,KS
236975,1,WA
168227,2,MA
418357,1,OK
176451,2,MS
131098,2,DE
131973,2,DC
141325,2,GA
130697,2,CT
216764,1,PA
489858,3,CA
477039,3,TX
443331,3,CA
485272,3,FL
458229,3,CA
458210,3,CA
139278,1,GA
125462,1,CA
448594,1,CA
448637,1,CA
157483,1,KY
237932,1,WV
125471,1,CA
152044,3,MI
172671,1,MI
229814,1,TX
125499,1,CA
125222,1,CA
442383,3,WV
237987,3,WV
237996,3,WV
494755,3,PA
261861,3,PA
238014,1,WV
237880,1,WV
237899,1,WV
238032,1,WV
237686,1,WV
237905,2,WV
237950,1,WV
237969,2,WV
486141,3,CA
485801,3,NY
197337,3,NY
490133,3,CA
368407,1,PA
200004,1,NC
128391,1,CO
130776,1,CT
219480,1,SD
433387,2,UT
149772,1,IL
154572,1,IA
157951,1,KY
495013,1,AZ
172699,1,MI
490373,2,MI
172477,2,MI
181817,1,NE
182564,1,NV
168254,2,MA
188304,1,NM
208035,1,OK
210429,1,OR
216773,2,PA
199908,1,NC
210368,2,OR
420468,1,NY
240170,1,WI
224660,3,TX
224679,3,TX
418302,1,OK
229832,1,TX
172705,2,MI
112525,2,CA
237011,1,WA
240693,1,WY
168263,1,MA
179946,2,MO
230807,2,UT
216807,2,PA
216816,2,PA
125718,2,CA
125727,2,CA
216825,1,PA
229841,1,TX
237039,1,WA
149781,2,IL
168281,2,MA
238078,2,WV
434751,2,MN
183105,1,NH
237057,2,WA
125763,2,CA
237066,2,WA
475200,2,WA
156125,1,KS
156107,1,KS
156134,3,KS
216852,2,PA
206491,2,OH
229887,2,TX
199926,1,NC
216931,2,PA
365383,1,PA
210401,2,OR
231624,1,VA
176479,2,MS
226860,3,TX
166717,2,MA
122728,2,CA
179955,2,MO
187444,1,NJ
199272,2,NC
154590,2,IA
222105,2,TN
149842,1,IL
138479,1,FL
179964,2,MO
107877,2,AR
168342,2,MA
218955,1,SC
443340,2,TN
216940,2,PA
200341,1,ND
206507,2,OH
131113,2,DE
217013,2,PA
199953,1,NC
141990,1,HI
206516,2,OH
199962,2,NC
175272,1,MN
491905,3,AL
199980,3,NC
199999,1,NC
218964,1,SC
141255,1,GA
240338,2,WI
240213,2,WI
138497,1,FL
206525,2,OH
218973,2,SC
491631,2,MD
442064,2,PA
488907,2,NV
238096,1,WV
125897,2,CA
455512,1,CA
481146,3,GA
164313,1,MD
168421,2,MA
168430,1,MA
197531,2,NY
490142,3,FL
401223,2,CA
369455,3,IL
486460,2,WI
206613,1,OH
206604,1,OH
240718,3,WY
234377,1,VA
481289,3,CA
206622,2,OH
160904,2,LA
407355,3,NE
494700,3,AZ
484136,3,TX
237109,1,WA
130794,2,CT
106148,1,AZ
180717,2,MT
490319,2,NJ
491622,2,NJ
434937,2,MD
420325,2,NY
197647,2,NY
493716,2,NJ
491914,2,NJ
375230,2,NY
491640,2,NJ
481410,2,NY
491710,2,NJ
247773,2,MI
493707,2,NJ
488350,2,NJ
491613,2,NJ
476692,2,NJ
197601,2,NY
491057,2,NY
190752,2,NY
455257,2,NY
197674,2,NY
493594,2,NY
431983,2,NY
126076,2,CA
490504,2,NY
486017,2,NY
490276,2,NY
197692,2,NY
441609,2,NY
486026,2,NY
451398,2,NJ
197708,2,NY
494737,2,NY
481438,2,NJ
487746,2,NY
363712,2,FL
451370,2,NJ
491765,2,NJ
488101,2,NY
405058,2,NY
493664,2,NY
217040,2,PA
197735,2,NY
197744,2,NY
401250,2,CA
181853,2,NE
217059,2,PA
420440,1,ME
418409,1,PA
218991,1,SC
126100,1,CA
493619,2,CA
141361,2,GA
206695,1,OH
375939,3,PA
217077,3,PA
126119,1,CA
413820,3,OK
451237,3,KS
204255,1,OH
458575,2,CA
496520,3,IL
495101,3,UT
486248,3,CA
496423,3,WA